Ticker,Date,Open,High,Low,Close,Volume
FSLR,2026-09-24 04:00:00-04:00,191.88,191.88,191.88,191.88,1
FSLR,2026-09-24 04:05:00-04:00,191.88,191.88,191.88,191.88,0
FSLR,2026-09-24 04:10:00-04:00,191.5,191.5,191.5,191.5,2
FSLR,2026-09-24 04:15:00-04:00,191.5,191.5,191.5,191.5,0
FSLR,2026-09-24 04:20:00-04:00,191.5,191.5,191.5,191.5,0
FSLR,2026-09-24 04:25:00-04:00,191.5,191.5,191.5,191.5,0
FSLR,2026-09-24 04:30:00-04:00,191.5,191.5,191.5,191.5,0
FSLR,2026-09-24 04:35:00-04:00,191.5,191.5,191.5,191.5,0
FSLR,2026-09-24 04:40:00-04:00,191.5,191.5,191.5,191.5,0
FSLR,2026-09-24 04:45:00-04:00,191.5,191.5,191.5,191.5,0
FSLR,2026-09-24 04:50:00-04:00,191.5,191.5,191.5,191.5,0
FSLR,2026-09-24 04:55:00-04:00,191.5,191.5,191.5,191.5,0
FSLR,2026-09-24 05:00:00-04:00,191.5,191.5,191.5,191.5,0
FSLR,2026-09-24 05:05:00-04:00,191.5,191.5,191.5,191.5,0
FSLR,2026-09-24 05:10:00-04:00,191.5,191.5,191.5,191.5,0
FSLR,2026-09-24 05:15:00-04:00,191.5,191.5,191.5,191.5,0
FSLR,2026-09-24 05:20:00-04:00,191.5,191.5,191.5,191.5,0
FSLR,2026-09-24 05:25:00-04:00,191.5,191.5,191.5,191.5,1
FSLR,2026-09-24 05:30:00-04:00,191.5,191.5,191.5,191.5,0
FSLR,2026-09-24 05:35:00-04:00,191.5,191.5,191.5,191.5,0
FSLR,2026-09-24 05:40:00-04:00,191.5,191.5,191.5,191.5,0
FSLR,2026-09-24 05:45:00-04:00,191.5,191.5,191.5,191.5,0
FSLR,2026-09-24 05:50:00-04:00,191.5,191.5,191.5,191.5,0
FSLR,2026-09-24 05:55:00-04:00,191.5,191.5,191.5,191.5,0
FSLR,2026-09-24 06:00:00-04:00,191.34,191.34,191.34,191.34,1
FSLR,2026-09-24 06:05:00-04:00,191.34,191.34,191.34,191.34,0
FSLR,2026-09-24 06:10:00-04:00,191.34,191.34,191.34,191.34,0
FSLR,2026-09-24 06:15:00-04:00,191.34,191.34,191.34,191.34,0
FSLR,2026-09-24 06:20:00-04:00,191.34,191.34,191.34,191.34,0
FSLR,2026-09-24 06:25:00-04:00,191.25,191.26,191.25,191.25,10
FSLR,2026-09-24 06:30:00-04:00,191.25,191.25,191.25,191.25,0
FSLR,2026-09-24 06:35:00-04:00,191.25,191.25,191.25,191.25,0
FSLR,2026-09-24 06:40:00-04:00,191.25,191.25,191.25,191.25,0
FSLR,2026-09-24 06:45:00-04:00,191.25,191.25,191.25,191.25,0
FSLR,2026-09-24 06:50:00-04:00,191.25,191.25,191.25,191.25,0
FSLR,2026-09-24 06:55:00-04:00,192.26,192.3,192.26,192.3,2
FSLR,2026-09-24 07:00:00-04:00,192.3,192.3,192.3,192.3,0
FSLR,2026-09-24 07:05:00-04:00,192.04,192.04,191.91,191.91,2
FSLR,2026-09-24 07:10:00-04:00,191.64,191.64,191.64,191.64,8
FSLR,2026-09-24 07:15:00-04:00,191.5,191.5,191.5,191.5,1
FSLR,2026-09-24 07:20:00-04:00,192.0,192.0,192.0,192.0,1
FSLR,2026-09-24 07:25:00-04:00,192.0,192.0,192.0,192.0,0
FSLR,2026-09-24 07:30:00-04:00,192.0,192.0,192.0,192.0,0
FSLR,2026-09-24 07:35:00-04:00,192.0,192.0,192.0,192.0,0
FSLR,2026-09-24 07:40:00-04:00,191.35,191.36,191.35,191.35,2
FSLR,2026-09-24 07:45:00-04:00,191.35,191.35,191.35,191.35,0
FSLR,2026-09-24 07:50:00-04:00,191.35,191.35,191.35,191.35,0
FSLR,2026-09-24 07:55:00-04:00,191.35,191.35,191.35,191.35,0
FSLR,2026-09-24 08:00:00-04:00,191.36,191.36,191.36,191.36,9
FSLR,2026-09-24 08:05:00-04:00,191.35,191.35,191.35,191.35,1
FSLR,2026-09-24 08:10:00-04:00,191.99,191.99,191.99,191.99,4
FSLR,2026-09-24 08:15:00-04:00,191.99,191.99,191.99,191.99,0
FSLR,2026-09-24 08:20:00-04:00,192.55,192.55,192.54,192.55,2
FSLR,2026-09-24 08:25:00-04:00,192.55,192.55,192.55,192.55,0
FSLR,2026-09-24 08:30:00-04:00,192.55,192.55,192.55,192.55,0
FSLR,2026-09-24 08:35:00-04:00,192.23,192.24,192.23,192.23,1
FSLR,2026-09-24 08:40:00-04:00,192.23,192.23,192.23,192.23,0
FSLR,2026-09-24 08:45:00-04:00,192.23,192.23,192.23,192.23,0
FSLR,2026-09-24 08:50:00-04:00,191.3,191.33,191.28,191.33,9
FSLR,2026-09-24 08:55:00-04:00,191.33,191.33,191.33,191.33,0
FSLR,2026-09-24 09:00:00-04:00,191.33,191.33,191.33,191.33,0
FSLR,2026-09-24 09:05:00-04:00,191.4,192.38,191.4,192.37,6
FSLR,2026-09-24 09:10:00-04:00,192.37,192.37,192.37,192.37,0
FSLR,2026-09-24 09:15:00-04:00,191.25,191.25,191.25,191.25,1
FSLR,2026-09-24 09:20:00-04:00,191.2,191.2,191.09,191.09,11
FSLR,2026-09-24 09:25:00-04:00,191.0,191.0,189.87,189.87,23
FSLR,2026-09-24 09:30:00-04:00,190.0,190.0,186.71,187.66,1170
FSLR,2026-09-24 09:35:00-04:00,187.66,188.45,187.0,187.51,384
FSLR,2026-09-24 09:40:00-04:00,187.51,187.94,184.54,184.7,922
FSLR,2026-09-24 09:45:00-04:00,184.58,185.01,183.2,183.36,636
FSLR,2026-09-24 09:50:00-04:00,183.45,183.47,181.61,182.19,567
FSLR,2026-09-24 09:55:00-04:00,182.06,182.95,181.8,182.28,544
FSLR,2026-09-24 10:00:00-04:00,182.35,184.26,182.24,183.93,1485
FSLR,2026-09-24 10:05:00-04:00,184.15,184.75,183.38,184.01,722
FSLR,2026-09-24 10:10:00-04:00,183.96,184.75,183.87,184.61,216
FSLR,2026-09-24 10:15:00-04:00,184.7,184.73,182.42,182.52,424
FSLR,2026-09-24 10:20:00-04:00,182.51,182.66,180.85,181.01,471
FSLR,2026-09-24 10:25:00-04:00,181.16,182.16,180.85,181.44,211
FSLR,2026-09-24 10:30:00-04:00,181.3,181.63,180.33,180.69,641
FSLR,2026-09-24 10:35:00-04:00,180.53,180.66,178.87,179.93,1545
FSLR,2026-09-24 10:40:00-04:00,179.93,180.25,178.03,178.44,810
FSLR,2026-09-24 10:45:00-04:00,178.48,179.03,178.28,178.85,578
FSLR,2026-09-24 10:50:00-04:00,179.03,179.3,178.56,178.64,308
FSLR,2026-09-24 10:55:00-04:00,178.51,179.05,177.74,178.94,810
FSLR,2026-09-24 11:00:00-04:00,178.83,179.72,178.54,179.49,372
FSLR,2026-09-24 11:05:00-04:00,179.47,179.66,178.75,178.75,306
FSLR,2026-09-24 11:10:00-04:00,178.76,178.9,177.53,177.64,500
FSLR,2026-09-24 11:15:00-04:00,177.62,177.74,177.03,177.43,777
FSLR,2026-09-24 11:20:00-04:00,177.4,177.43,176.43,176.97,944
FSLR,2026-09-24 11:25:00-04:00,177.09,177.56,176.14,176.24,1110
FSLR,2026-09-24 11:30:00-04:00,176.44,177.12,176.23,176.45,617
FSLR,2026-09-24 11:35:00-04:00,176.55,176.6,175.59,175.97,551
FSLR,2026-09-24 11:40:00-04:00,175.89,176.94,175.78,176.62,332
FSLR,2026-09-24 11:45:00-04:00,176.62,177.99,176.5,177.71,602
FSLR,2026-09-24 11:50:00-04:00,177.58,178.1,177.56,177.78,176
FSLR,2026-09-24 11:55:00-04:00,177.83,178.08,177.23,177.6,274
FSLR,2026-09-24 12:00:00-04:00,177.4,177.6,177.1,177.34,157
FSLR,2026-09-24 12:05:00-04:00,177.43,177.45,176.83,176.93,204
FSLR,2026-09-24 12:10:00-04:00,176.93,177.88,176.63,177.88,269
FSLR,2026-09-24 12:15:00-04:00,177.9,179.62,177.72,179.13,597
FSLR,2026-09-24 12:20:00-04:00,179.15,179.47,178.23,178.23,320
FSLR,2026-09-24 12:25:00-04:00,178.32,178.57,177.54,177.93,401
FSLR,2026-09-24 12:30:00-04:00,178.05,178.05,176.41,176.41,344
FSLR,2026-09-24 12:35:00-04:00,176.49,177.0,176.34,176.61,329
FSLR,2026-09-24 12:40:00-04:00,176.53,177.37,176.5,176.71,333
FSLR,2026-09-24 12:45:00-04:00,176.68,176.68,176.01,176.38,432
FSLR,2026-09-24 12:50:00-04:00,176.38,176.62,175.92,176.6,521
FSLR,2026-09-24 12:55:00-04:00,176.5,177.27,176.46,177.03,465
FSLR,2026-09-24 13:00:00-04:00,176.87,177.35,176.45,177.18,325
FSLR,2026-09-24 13:05:00-04:00,177.19,177.38,176.5,176.71,291
FSLR,2026-09-24 13:10:00-04:00,176.71,177.36,176.4,177.35,346
FSLR,2026-09-24 13:15:00-04:00,177.3,177.45,176.69,176.78,419
FSLR,2026-09-24 13:20:00-04:00,176.77,177.23,176.68,176.78,313
FSLR,2026-09-24 13:25:00-04:00,176.73,176.76,176.25,176.44,253
FSLR,2026-09-24 13:30:00-04:00,176.51,176.62,176.23,176.37,297
FSLR,2026-09-24 13:35:00-04:00,176.31,176.99,176.27,176.89,221
FSLR,2026-09-24 13:40:00-04:00,176.89,177.31,176.56,177.2,248
FSLR,2026-09-24 13:45:00-04:00,177.19,177.36,176.64,176.65,464
FSLR,2026-09-24 13:50:00-04:00,176.79,176.79,176.07,176.48,272
FSLR,2026-09-24 13:55:00-04:00,176.5,176.83,176.4,176.58,134
FSLR,2026-09-24 14:00:00-04:00,176.5,176.58,174.89,174.89,1035
FSLR,2026-09-24 14:05:00-04:00,174.89,175.29,174.5,174.8,254
FSLR,2026-09-24 14:10:00-04:00,174.96,175.1,174.53,174.73,203
FSLR,2026-09-24 14:15:00-04:00,174.76,175.15,174.43,174.72,272
FSLR,2026-09-24 14:20:00-04:00,174.58,174.95,174.3,174.63,258
FSLR,2026-09-24 14:25:00-04:00,174.52,175.19,174.51,174.66,185
FSLR,2026-09-24 14:30:00-04:00,174.54,174.77,173.8,174.0,554
FSLR,2026-09-24 14:35:00-04:00,173.8,174.47,173.6,174.34,651
FSLR,2026-09-24 14:40:00-04:00,174.26,174.3,173.69,173.94,184
FSLR,2026-09-24 14:45:00-04:00,173.9,173.93,173.46,173.64,232
FSLR,2026-09-24 14:50:00-04:00,173.62,173.87,173.44,173.48,234
FSLR,2026-09-24 14:55:00-04:00,173.42,173.6,172.86,172.95,805
FSLR,2026-09-24 15:00:00-04:00,172.91,173.07,172.53,172.7,640
FSLR,2026-09-24 15:05:00-04:00,172.71,172.8,172.0,172.06,789
FSLR,2026-09-24 15:10:00-04:00,172.02,172.26,171.58,171.65,547
FSLR,2026-09-24 15:15:00-04:00,171.65,171.85,171.48,171.65,694
FSLR,2026-09-24 15:20:00-04:00,171.65,171.72,171.18,171.66,652
FSLR,2026-09-24 15:25:00-04:00,171.67,171.89,171.01,171.01,664
FSLR,2026-09-24 15:30:00-04:00,171.02,171.83,170.8,171.75,1081
FSLR,2026-09-24 15:35:00-04:00,171.86,172.75,171.81,172.37,742
FSLR,2026-09-24 15:40:00-04:00,172.43,172.84,172.07,172.27,732
FSLR,2026-09-24 15:45:00-04:00,172.22,172.5,171.97,172.5,595
FSLR,2026-09-24 15:50:00-04:00,172.4,172.53,171.58,172.32,1657
FSLR,2026-09-24 15:55:00-04:00,172.31,172.5,171.82,172.16,2145
FSLR,2026-09-24 16:00:00-04:00,172.16,173.11,172.15,172.16,4417
FSLR,2026-09-24 16:05:00-04:00,172.47,172.49,172.3,172.49,22
FSLR,2026-09-24 16:10:00-04:00,172.23,172.87,172.22,172.67,4
FSLR,2026-09-24 16:15:00-04:00,172.5,172.5,172.25,172.44,7
FSLR,2026-09-24 16:20:00-04:00,172.55,172.69,172.5,172.69,7
FSLR,2026-09-24 16:25:00-04:00,172.27,172.44,172.27,172.44,5
FSLR,2026-09-24 16:30:00-04:00,172.58,172.66,172.53,172.54,6
FSLR,2026-09-24 16:35:00-04:00,172.65,172.69,172.5,172.69,21
FSLR,2026-09-24 16:40:00-04:00,172.8,172.88,172.8,172.86,9
FSLR,2026-09-24 16:45:00-04:00,172.86,172.86,172.86,172.86,0
FSLR,2026-09-24 16:50:00-04:00,172.65,172.7,172.65,172.7,3
FSLR,2026-09-24 16:55:00-04:00,172.82,173.01,172.82,173.0,35
FSLR,2026-09-24 17:00:00-04:00,173.05,173.1,173.05,173.07,6
FSLR,2026-09-24 17:05:00-04:00,172.75,172.88,172.75,172.76,7
FSLR,2026-09-24 17:10:00-04:00,172.88,172.88,172.87,172.88,1
FSLR,2026-09-24 17:15:00-04:00,172.8,172.8,172.8,172.8,2
FSLR,2026-09-24 17:20:00-04:00,172.89,173.0,172.8,172.98,13
FSLR,2026-09-24 17:25:00-04:00,172.8,173.06,172.8,173.06,10
FSLR,2026-09-24 17:30:00-04:00,173.06,173.06,173.0,173.01,15
FSLR,2026-09-24 17:35:00-04:00,173.06,173.06,173.06,173.06,1
FSLR,2026-09-24 17:40:00-04:00,173.1,173.11,173.1,173.11,2
FSLR,2026-09-24 17:45:00-04:00,173.1,173.74,173.1,173.6,17
FSLR,2026-09-24 17:50:00-04:00,173.6,173.6,173.6,173.6,2
FSLR,2026-09-24 17:55:00-04:00,173.29,173.3,173.29,173.3,3
FSLR,2026-09-24 18:00:00-04:00,173.35,173.35,173.35,173.35,1
FSLR,2026-09-24 18:05:00-04:00,173.4,173.4,173.37,173.37,6
FSLR,2026-09-24 18:10:00-04:00,173.35,173.35,173.35,173.35,2
FSLR,2026-09-24 18:15:00-04:00,173.32,173.32,173.16,173.16,2
FSLR,2026-09-24 18:20:00-04:00,173.13,173.14,173.13,173.13,11
FSLR,2026-09-24 18:25:00-04:00,173.25,173.25,173.25,173.25,1
FSLR,2026-09-24 18:30:00-04:00,173.25,173.25,173.25,173.25,0
FSLR,2026-09-24 18:35:00-04:00,173.25,173.25,173.25,173.25,0
FSLR,2026-09-24 18:40:00-04:00,173.16,173.16,173.15,173.15,2
FSLR,2026-09-24 18:45:00-04:00,173.13,173.13,173.13,173.13,5
FSLR,2026-09-24 18:50:00-04:00,173.13,173.13,173.13,173.13,2
FSLR,2026-09-24 18:55:00-04:00,173.11,173.18,173.11,173.18,6
FSLR,2026-09-24 19:00:00-04:00,173.11,173.11,172.89,172.89,6
FSLR,2026-09-24 19:05:00-04:00,172.89,172.89,172.89,172.89,0
FSLR,2026-09-24 19:10:00-04:00,173.16,173.2,173.16,173.19,8
FSLR,2026-09-24 19:15:00-04:00,173.19,173.19,173.19,173.19,0
FSLR,2026-09-24 19:20:00-04:00,173.1,173.28,173.1,173.28,26
FSLR,2026-09-24 19:25:00-04:00,173.28,173.28,173.28,173.28,0
FSLR,2026-09-24 19:30:00-04:00,173.28,173.28,173.28,173.28,0
FSLR,2026-09-24 19:35:00-04:00,173.17,173.27,173.17,173.27,3
FSLR,2026-09-24 19:40:00-04:00,173.29,173.38,173.29,173.38,13
FSLR,2026-09-24 19:45:00-04:00,173.55,173.66,173.3,173.31,8
FSLR,2026-09-24 19:50:00-04:00,173.2,173.25,173.2,173.22,6
FSLR,2026-09-24 19:55:00-04:00,173.45,173.45,173.2,173.2,17
FSLR,2026-09-25 04:00:00-04:00,173.95,173.99,173.59,173.91,60
FSLR,2026-09-25 04:05:00-04:00,173.7,173.79,173.0,173.0,12
FSLR,2026-09-25 04:10:00-04:00,173.0,173.0,173.0,173.0,0
FSLR,2026-09-25 04:15:00-04:00,173.8,173.8,173.5,173.5,2
FSLR,2026-09-25 04:20:00-04:00,173.5,173.5,173.5,173.5,0
FSLR,2026-09-25 04:25:00-04:00,173.5,173.5,173.5,173.5,0
FSLR,2026-09-25 04:30:00-04:00,173.5,173.5,173.5,173.5,0
FSLR,2026-09-25 04:35:00-04:00,173.13,173.13,173.13,173.13,2
FSLR,2026-09-25 04:40:00-04:00,173.87,173.87,173.87,173.87,2
FSLR,2026-09-25 04:45:00-04:00,173.9,174.07,173.9,174.07,7
FSLR,2026-09-25 04:50:00-04:00,174.07,174.07,174.07,174.07,0
FSLR,2026-09-25 04:55:00-04:00,173.87,173.87,173.87,173.87,1
FSLR,2026-09-25 05:00:00-04:00,173.91,173.91,173.91,173.91,1
FSLR,2026-09-25 05:05:00-04:00,173.92,174.07,173.92,174.01,6
FSLR,2026-09-25 05:10:00-04:00,174.01,174.01,174.01,174.01,0
FSLR,2026-09-25 05:15:00-04:00,174.07,174.07,174.07,174.07,1
FSLR,2026-09-25 05:20:00-04:00,174.09,174.09,174.09,174.09,1
FSLR,2026-09-25 05:25:00-04:00,174.09,174.09,174.09,174.09,0
FSLR,2026-09-25 05:30:00-04:00,174.08,174.08,174.07,174.08,1
FSLR,2026-09-25 05:35:00-04:00,174.08,174.08,174.08,174.08,0
FSLR,2026-09-25 05:40:00-04:00,174.08,174.08,174.08,174.08,0
FSLR,2026-09-25 05:45:00-04:00,173.96,173.96,173.96,173.96,1
FSLR,2026-09-25 05:50:00-04:00,173.96,173.96,173.96,173.96,0
FSLR,2026-09-25 05:55:00-04:00,173.96,173.96,173.96,173.96,0
FSLR,2026-09-25 06:00:00-04:00,173.96,173.96,173.96,173.96,0
FSLR,2026-09-25 06:05:00-04:00,173.96,173.96,173.96,173.96,0
FSLR,2026-09-25 06:10:00-04:00,173.96,173.96,173.96,173.96,0
FSLR,2026-09-25 06:15:00-04:00,173.96,173.96,173.96,173.96,0
FSLR,2026-09-25 06:20:00-04:00,173.96,173.96,173.96,173.96,0
FSLR,2026-09-25 06:25:00-04:00,173.96,173.96,173.96,173.96,0
FSLR,2026-09-25 06:30:00-04:00,174.0,174.0,174.0,174.0,10
FSLR,2026-09-25 06:35:00-04:00,174.0,174.0,174.0,174.0,0
FSLR,2026-09-25 06:40:00-04:00,174.0,174.0,174.0,174.0,0
FSLR,2026-09-25 06:45:00-04:00,174.0,174.01,174.0,174.01,2
FSLR,2026-09-25 06:50:00-04:00,174.01,174.01,174.01,174.01,0
FSLR,2026-09-25 06:55:00-04:00,174.01,174.01,174.01,174.01,0
FSLR,2026-09-25 07:00:00-04:00,173.85,173.85,173.47,173.47,8
FSLR,2026-09-25 07:05:00-04:00,173.45,173.45,173.45,173.45,2
FSLR,2026-09-25 07:10:00-04:00,173.7,173.8,173.55,173.8,12
FSLR,2026-09-25 07:15:00-04:00,173.57,173.57,173.26,173.26,25
FSLR,2026-09-25 07:20:00-04:00,173.35,173.37,173.35,173.37,13
FSLR,2026-09-25 07:25:00-04:00,173.5,173.5,173.5,173.5,5
FSLR,2026-09-25 07:30:00-04:00,173.2,173.5,173.2,173.5,6
FSLR,2026-09-25 07:35:00-04:00,173.32,173.32,173.31,173.32,1
FSLR,2026-09-25 07:40:00-04:00,173.57,173.58,173.57,173.57,2
FSLR,2026-09-25 07:45:00-04:00,173.57,173.57,173.57,173.57,0
FSLR,2026-09-25 07:50:00-04:00,173.37,173.37,173.37,173.37,4
FSLR,2026-09-25 07:55:00-04:00,173.5,173.5,173.5,173.5,8
FSLR,2026-09-25 08:00:00-04:00,173.58,173.65,173.58,173.65,9
FSLR,2026-09-25 08:05:00-04:00,173.65,173.65,173.65,173.65,0
FSLR,2026-09-25 08:10:00-04:00,173.56,173.57,173.4,173.4,9
FSLR,2026-09-25 08:15:00-04:00,173.49,173.49,173.28,173.28,3
FSLR,2026-09-25 08:20:00-04:00,173.26,173.26,173.25,173.25,2
FSLR,2026-09-25 08:25:00-04:00,173.5,173.51,173.5,173.51,3
FSLR,2026-09-25 08:30:00-04:00,173.5,173.55,173.5,173.5,9
FSLR,2026-09-25 08:35:00-04:00,173.5,173.5,173.5,173.5,23
FSLR,2026-09-25 08:40:00-04:00,173.5,173.5,173.5,173.5,0
FSLR,2026-09-25 08:45:00-04:00,173.5,173.5,173.5,173.5,2
FSLR,2026-09-25 08:50:00-04:00,173.64,173.64,173.63,173.64,1
FSLR,2026-09-25 08:55:00-04:00,173.51,173.51,173.5,173.5,9
FSLR,2026-09-25 09:00:00-04:00,173.51,173.51,173.51,173.51,2
FSLR,2026-09-25 09:05:00-04:00,173.5,173.51,173.5,173.51,4
FSLR,2026-09-25 09:10:00-04:00,173.51,173.51,173.5,173.51,2
FSLR,2026-09-25 09:15:00-04:00,173.5,173.51,173.5,173.5,7
FSLR,2026-09-25 09:20:00-04:00,173.72,173.72,173.72,173.72,1
FSLR,2026-09-25 09:25:00-04:00,173.75,174.0,173.72,174.0,7
FSLR,2026-09-25 09:30:00-04:00,174.09,177.71,173.44,176.65,1611
FSLR,2026-09-25 09:35:00-04:00,176.83,178.45,176.16,177.99,543
FSLR,2026-09-25 09:40:00-04:00,178.0,178.44,176.25,176.39,351
FSLR,2026-09-25 09:45:00-04:00,176.5,176.5,175.1,176.17,473
FSLR,2026-09-25 09:50:00-04:00,176.2,176.6,175.5,176.15,116
FSLR,2026-09-25 09:55:00-04:00,175.95,176.8,175.6,176.79,167
FSLR,2026-09-25 10:00:00-04:00,176.56,176.77,176.1,176.33,176
FSLR,2026-09-25 10:05:00-04:00,176.27,177.0,176.02,176.51,160
FSLR,2026-09-25 10:10:00-04:00,176.85,177.0,175.87,176.29,97
FSLR,2026-09-25 10:15:00-04:00,176.27,177.0,176.06,176.5,167
FSLR,2026-09-25 10:20:00-04:00,176.27,176.95,176.27,176.63,78
FSLR,2026-09-25 10:25:00-04:00,176.85,177.91,176.75,177.12,515
FSLR,2026-09-25 10:30:00-04:00,177.1,177.92,176.92,177.27,96
FSLR,2026-09-25 10:35:00-04:00,177.25,177.69,177.04,177.41,68
FSLR,2026-09-25 10:40:00-04:00,177.44,177.57,177.27,177.31,57
FSLR,2026-09-25 10:45:00-04:00,177.3,177.6,177.07,177.18,243
FSLR,2026-09-25 10:50:00-04:00,177.18,178.0,176.76,177.47,301
FSLR,2026-09-25 10:55:00-04:00,177.45,177.81,176.91,177.81,213
FSLR,2026-09-25 11:00:00-04:00,177.69,177.81,177.24,177.5,113
FSLR,2026-09-25 11:05:00-04:00,177.5,177.82,177.0,177.17,188
FSLR,2026-09-25 11:10:00-04:00,176.97,176.97,176.47,176.77,148
FSLR,2026-09-25 11:15:00-04:00,176.89,177.26,176.63,176.79,44
FSLR,2026-09-25 11:20:00-04:00,176.96,177.58,176.95,177.57,127
FSLR,2026-09-25 11:25:00-04:00,177.57,178.32,177.57,177.9,616
FSLR,2026-09-25 11:30:00-04:00,177.86,178.32,177.57,177.95,345
FSLR,2026-09-25 11:35:00-04:00,178.05,178.06,177.37,178.0,245
FSLR,2026-09-25 11:40:00-04:00,178.03,178.19,177.81,178.0,242
FSLR,2026-09-25 11:45:00-04:00,177.99,179.21,177.73,179.11,357
FSLR,2026-09-25 11:50:00-04:00,178.88,179.49,178.61,179.35,334
FSLR,2026-09-25 11:55:00-04:00,179.47,180.2,179.2,180.1,499
FSLR,2026-09-25 12:00:00-04:00,180.1,180.92,179.9,180.08,321
FSLR,2026-09-25 12:05:00-04:00,180.0,180.5,179.61,180.28,390
FSLR,2026-09-25 12:10:00-04:00,180.23,180.85,179.68,179.68,519
FSLR,2026-09-25 12:15:00-04:00,179.94,180.09,179.75,180.0,81
FSLR,2026-09-25 12:20:00-04:00,180.02,180.02,179.15,179.46,219
FSLR,2026-09-25 12:25:00-04:00,179.83,180.1,179.72,179.88,115
FSLR,2026-09-25 12:30:00-04:00,179.78,179.93,179.35,179.37,106
FSLR,2026-09-25 12:35:00-04:00,179.24,179.75,179.09,179.35,149
FSLR,2026-09-25 12:40:00-04:00,179.35,179.42,178.95,179.0,189
FSLR,2026-09-25 12:45:00-04:00,179.11,179.11,178.6,178.69,132
FSLR,2026-09-25 12:50:00-04:00,178.83,179.04,178.6,179.0,95
FSLR,2026-09-25 12:55:00-04:00,179.09,179.41,178.87,179.05,61
FSLR,2026-09-25 13:00:00-04:00,178.99,179.41,178.97,179.34,25
FSLR,2026-09-25 13:05:00-04:00,179.39,179.39,178.79,178.91,152
FSLR,2026-09-25 13:10:00-04:00,178.83,178.99,178.73,178.94,159
FSLR,2026-09-25 13:15:00-04:00,178.91,178.91,178.0,178.06,181
FSLR,2026-09-25 13:20:00-04:00,178.06,178.18,178.0,178.11,195
FSLR,2026-09-25 13:25:00-04:00,178.09,178.22,177.9,177.97,415
FSLR,2026-09-25 13:30:00-04:00,177.98,178.08,177.71,177.84,125
FSLR,2026-09-25 13:35:00-04:00,177.72,178.21,177.68,178.16,264
FSLR,2026-09-25 13:40:00-04:00,178.11,178.2,177.7,178.17,144
FSLR,2026-09-25 13:45:00-04:00,178.17,178.35,177.38,177.38,779
FSLR,2026-09-25 13:50:00-04:00,177.47,177.68,176.65,176.94,228
FSLR,2026-09-25 13:55:00-04:00,176.92,177.08,176.71,176.87,86
FSLR,2026-09-25 14:00:00-04:00,176.92,177.46,176.92,177.27,69
FSLR,2026-09-25 14:05:00-04:00,177.2,177.24,176.97,176.97,73
FSLR,2026-09-25 14:10:00-04:00,177.06,177.17,176.9,177.01,36
FSLR,2026-09-25 14:15:00-04:00,177.0,177.05,176.55,176.82,238
FSLR,2026-09-25 14:20:00-04:00,176.65,177.12,176.65,177.06,73
FSLR,2026-09-25 14:25:00-04:00,177.09,177.27,176.95,177.27,101
FSLR,2026-09-25 14:30:00-04:00,177.19,177.39,176.6,176.6,83
FSLR,2026-09-25 14:35:00-04:00,176.69,176.98,176.63,176.96,48
FSLR,2026-09-25 14:40:00-04:00,176.84,177.21,176.71,177.1,89
FSLR,2026-09-25 14:45:00-04:00,177.25,177.68,177.07,177.51,87
FSLR,2026-09-25 14:50:00-04:00,177.5,177.75,177.35,177.63,133
FSLR,2026-09-25 14:55:00-04:00,177.73,178.58,177.23,177.32,1236
FSLR,2026-09-25 15:00:00-04:00,177.46,177.68,176.89,176.95,93
FSLR,2026-09-25 15:05:00-04:00,176.97,177.59,176.96,177.08,432
FSLR,2026-09-25 15:10:00-04:00,177.03,177.1,176.69,176.83,102
FSLR,2026-09-25 15:15:00-04:00,176.83,177.38,176.82,177.37,79
FSLR,2026-09-25 15:20:00-04:00,177.48,177.93,177.26,177.35,251
FSLR,2026-09-25 15:25:00-04:00,177.34,177.68,177.3,177.55,107
FSLR,2026-09-25 15:30:00-04:00,177.53,177.74,177.31,177.31,126
FSLR,2026-09-25 15:35:00-04:00,177.35,177.73,177.11,177.56,160
FSLR,2026-09-25 15:40:00-04:00,177.51,177.55,177.01,177.29,184
FSLR,2026-09-25 15:45:00-04:00,177.31,177.86,177.04,177.72,304
FSLR,2026-09-25 15:50:00-04:00,177.8,177.95,177.59,177.75,555
FSLR,2026-09-25 15:55:00-04:00,177.76,177.89,177.42,177.72,1676
FSLR,2026-09-25 16:00:00-04:00,177.59,177.77,177.59,177.77,1982
FSLR,2026-09-25 16:05:00-04:00,177.76,177.76,177.76,177.76,1
FSLR,2026-09-25 16:10:00-04:00,177.76,177.76,177.76,177.76,0
FSLR,2026-09-25 16:15:00-04:00,177.76,177.76,177.76,177.76,0
FSLR,2026-09-25 16:20:00-04:00,177.76,177.76,177.76,177.76,0
FSLR,2026-09-25 16:25:00-04:00,177.76,177.76,177.76,177.76,0
FSLR,2026-09-25 16:30:00-04:00,177.71,177.71,177.71,177.71,42
FSLR,2026-09-25 16:35:00-04:00,177.71,177.71,177.71,177.71,0
FSLR,2026-09-25 16:40:00-04:00,177.71,177.71,177.71,177.71,0
FSLR,2026-09-25 16:45:00-04:00,177.71,177.71,177.71,177.71,0
FSLR,2026-09-25 16:50:00-04:00,177.71,177.71,177.71,177.71,0
FSLR,2026-09-25 16:55:00-04:00,178.0,178.0,177.75,177.75,13
FSLR,2026-09-25 17:00:00-04:00,177.75,177.75,177.75,177.75,0
FSLR,2026-09-25 17:05:00-04:00,177.75,177.75,177.75,177.75,0
FSLR,2026-09-25 17:10:00-04:00,177.75,177.75,177.75,177.75,0
FSLR,2026-09-25 17:15:00-04:00,177.75,177.75,177.75,177.75,0
FSLR,2026-09-25 17:20:00-04:00,177.75,177.75,177.75,177.75,0
FSLR,2026-09-25 17:25:00-04:00,177.75,177.75,177.75,177.75,0
FSLR,2026-09-25 17:30:00-04:00,177.75,177.75,177.75,177.75,0
FSLR,2026-09-25 17:35:00-04:00,177.75,177.75,177.75,177.75,0
FSLR,2026-09-25 17:40:00-04:00,177.75,177.75,177.75,177.75,0
FSLR,2026-09-25 17:45:00-04:00,178.19,178.19,178.18,178.19,14
FSLR,2026-09-25 17:50:00-04:00,178.19,178.19,178.19,178.19,0
FSLR,2026-09-25 17:55:00-04:00,178.19,178.19,178.19,178.19,0
FSLR,2026-09-25 18:00:00-04:00,178.18,178.18,178.17,178.18,1
FSLR,2026-09-25 18:05:00-04:00,178.18,178.18,178.18,178.18,0
FSLR,2026-09-25 18:10:00-04:00,178.18,178.18,178.18,178.18,0
FSLR,2026-09-25 18:15:00-04:00,177.94,177.94,177.94,177.94,4
FSLR,2026-09-25 18:20:00-04:00,177.94,177.94,177.94,177.94,0
FSLR,2026-09-25 18:25:00-04:00,177.94,177.94,177.94,177.94,0
FSLR,2026-09-25 18:30:00-04:00,177.94,177.94,177.94,177.94,0
FSLR,2026-09-25 18:35:00-04:00,178.0,178.0,177.99,178.0,5
FSLR,2026-09-25 18:40:00-04:00,178.0,178.0,178.0,178.0,0
FSLR,2026-09-25 18:45:00-04:00,178.0,178.0,177.99,177.99,2
FSLR,2026-09-25 18:50:00-04:00,177.85,177.85,177.85,177.85,1
FSLR,2026-09-25 18:55:00-04:00,178.44,178.44,178.44,178.44,10
FSLR,2026-09-25 19:00:00-04:00,178.44,178.44,178.44,178.44,0
FSLR,2026-09-25 19:05:00-04:00,178.44,178.44,178.44,178.44,0
FSLR,2026-09-25 19:10:00-04:00,178.44,178.44,178.44,178.44,0
FSLR,2026-09-25 19:15:00-04:00,178.42,178.42,178.42,178.42,1
FSLR,2026-09-25 19:20:00-04:00,178.42,178.42,178.42,178.42,0
FSLR,2026-09-25 19:25:00-04:00,178.42,178.42,178.42,178.42,0
FSLR,2026-09-25 19:30:00-04:00,178.42,178.42,178.42,178.42,0
FSLR,2026-09-25 19:35:00-04:00,178.42,178.42,178.42,178.42,0
FSLR,2026-09-25 19:40:00-04:00,178.42,178.42,178.42,178.42,0
FSLR,2026-09-25 19:45:00-04:00,178.01,178.03,178.01,178.03,2
FSLR,2026-09-25 19:50:00-04:00,178.01,178.01,178.01,178.01,1
FSLR,2026-09-25 19:55:00-04:00,178.01,178.01,178.01,178.01,0
FSLR,2026-09-28 04:00:00-04:00,179.81,179.81,178.32,179.6,15
FSLR,2026-09-28 04:05:00-04:00,179.6,179.6,179.6,179.6,0
FSLR,2026-09-28 04:10:00-04:00,179.6,179.6,179.6,179.6,0
FSLR,2026-09-28 04:15:00-04:00,179.6,179.6,179.6,179.6,0
FSLR,2026-09-28 04:20:00-04:00,179.6,179.6,179.6,179.6,0
FSLR,2026-09-28 04:25:00-04:00,179.6,179.6,179.6,179.6,0
FSLR,2026-09-28 04:30:00-04:00,179.6,179.6,179.6,179.6,0
FSLR,2026-09-28 04:35:00-04:00,179.6,179.6,179.6,179.6,0
FSLR,2026-09-28 04:40:00-04:00,179.6,179.6,179.6,179.6,0
FSLR,2026-09-28 04:45:00-04:00,179.6,179.6,179.6,179.6,0
FSLR,2026-09-28 04:50:00-04:00,179.6,179.6,179.6,179.6,0
FSLR,2026-09-28 04:55:00-04:00,179.5,179.5,179.5,179.5,2
FSLR,2026-09-28 05:00:00-04:00,179.5,179.5,179.5,179.5,0
FSLR,2026-09-28 05:05:00-04:00,179.5,179.5,179.5,179.5,0
FSLR,2026-09-28 05:10:00-04:00,179.0,179.0,178.96,179.0,4
FSLR,2026-09-28 05:15:00-04:00,179.0,179.0,179.0,179.0,0
FSLR,2026-09-28 05:20:00-04:00,179.3,179.3,179.3,179.3,1
FSLR,2026-09-28 05:25:00-04:00,179.3,179.3,179.3,179.3,0
FSLR,2026-09-28 05:30:00-04:00,179.3,179.3,179.3,179.3,0
FSLR,2026-09-28 05:35:00-04:00,179.3,179.3,179.3,179.3,0
FSLR,2026-09-28 05:40:00-04:00,179.3,179.3,179.3,179.3,0
FSLR,2026-09-28 05:45:00-04:00,179.3,179.3,179.3,179.3,0
FSLR,2026-09-28 05:50:00-04:00,179.3,179.3,179.3,179.3,0
FSLR,2026-09-28 05:55:00-04:00,179.3,179.3,179.3,179.3,0
FSLR,2026-09-28 06:00:00-04:00,179.3,179.3,179.3,179.3,0
FSLR,2026-09-28 06:05:00-04:00,179.3,179.3,179.3,179.3,0
FSLR,2026-09-28 06:10:00-04:00,179.3,179.3,179.3,179.3,0
FSLR,2026-09-28 06:15:00-04:00,179.3,179.3,179.3,179.3,0
FSLR,2026-09-28 06:20:00-04:00,179.03,179.05,179.03,179.05,4
FSLR,2026-09-28 06:25:00-04:00,179.2,179.2,179.2,179.2,2
FSLR,2026-09-28 06:30:00-04:00,179.3,179.3,178.63,178.71,10
FSLR,2026-09-28 06:35:00-04:00,179.2,179.2,178.88,178.88,23
FSLR,2026-09-28 06:40:00-04:00,178.88,178.88,178.88,178.88,0
FSLR,2026-09-28 06:45:00-04:00,179.0,179.0,179.0,179.0,2
FSLR,2026-09-28 06:50:00-04:00,179.0,179.0,179.0,179.0,0
FSLR,2026-09-28 06:55:00-04:00,179.0,179.0,179.0,179.0,0
FSLR,2026-09-28 07:00:00-04:00,179.0,179.0,179.0,179.0,1
FSLR,2026-09-28 07:05:00-04:00,179.0,179.0,179.0,179.0,0
FSLR,2026-09-28 07:10:00-04:00,178.72,178.72,178.72,178.72,2
FSLR,2026-09-28 07:15:00-04:00,179.37,179.37,179.04,179.04,4
FSLR,2026-09-28 07:20:00-04:00,179.47,179.58,179.47,179.58,3
FSLR,2026-09-28 07:25:00-04:00,179.81,179.81,179.81,179.81,2
FSLR,2026-09-28 07:30:00-04:00,179.8,179.8,179.8,179.8,3
FSLR,2026-09-28 07:35:00-04:00,179.8,179.8,179.8,179.8,0
FSLR,2026-09-28 07:40:00-04:00,180.11,180.11,180.11,180.11,1
FSLR,2026-09-28 07:45:00-04:00,180.11,180.11,180.11,180.11,0
FSLR,2026-09-28 07:50:00-04:00,180.01,180.01,180.01,180.01,5
FSLR,2026-09-28 07:55:00-04:00,180.01,180.01,180.01,180.01,0
FSLR,2026-09-28 08:00:00-04:00,179.9,179.9,179.86,179.86,2
FSLR,2026-09-28 08:05:00-04:00,179.84,179.84,179.84,179.84,1
FSLR,2026-09-28 08:10:00-04:00,179.95,179.95,179.95,179.95,1
FSLR,2026-09-28 08:15:00-04:00,179.7,180.4,179.7,180.4,17
FSLR,2026-09-28 08:20:00-04:00,180.35,180.35,180.35,180.35,3
FSLR,2026-09-28 08:25:00-04:00,180.6,180.6,180.4,180.4,3
FSLR,2026-09-28 08:30:00-04:00,180.99,181.15,180.99,181.15,21
FSLR,2026-09-28 08:35:00-04:00,182.0,182.0,181.5,181.5,2
FSLR,2026-09-28 08:40:00-04:00,181.03,181.03,181.03,181.03,1
FSLR,2026-09-28 08:45:00-04:00,180.99,180.99,180.92,180.92,11
FSLR,2026-09-28 08:50:00-04:00,180.95,180.95,180.8,180.8,3
FSLR,2026-09-28 08:55:00-04:00,180.3,180.3,180.3,180.3,1
FSLR,2026-09-28 09:00:00-04:00,180.13,180.13,180.13,180.13,1
FSLR,2026-09-28 09:05:00-04:00,180.3,180.3,180.3,180.3,20
FSLR,2026-09-28 09:10:00-04:00,180.0,180.0,180.0,180.0,6
FSLR,2026-09-28 09:15:00-04:00,180.79,180.79,179.85,179.85,6
FSLR,2026-09-28 09:20:00-04:00,179.67,179.67,179.5,179.5,7
FSLR,2026-09-28 09:25:00-04:00,179.11,179.33,178.45,178.49,29
FSLR,2026-09-28 09:30:00-04:00,178.13,178.23,176.0,176.23,887
FSLR,2026-09-28 09:35:00-04:00,176.36,176.36,175.0,175.69,433
FSLR,2026-09-28 09:40:00-04:00,175.7,175.73,173.55,174.0,257
FSLR,2026-09-28 09:45:00-04:00,174.37,176.0,174.37,174.83,183
FSLR,2026-09-28 09:50:00-04:00,174.7,175.0,174.34,174.89,114
FSLR,2026-09-28 09:55:00-04:00,174.89,175.12,174.25,174.43,134
FSLR,2026-09-28 10:00:00-04:00,174.42,175.0,174.06,174.63,102
FSLR,2026-09-28 10:05:00-04:00,174.6,175.05,174.0,174.67,118
FSLR,2026-09-28 10:10:00-04:00,174.9,175.26,174.7,174.75,123
FSLR,2026-09-28 10:15:00-04:00,174.75,175.13,174.11,174.67,140
FSLR,2026-09-28 10:20:00-04:00,174.42,175.61,174.4,175.2,205
FSLR,2026-09-28 10:25:00-04:00,175.11,176.0,174.96,175.5,226
FSLR,2026-09-28 10:30:00-04:00,175.5,175.77,175.23,175.61,101
FSLR,2026-09-28 10:35:00-04:00,175.46,175.51,174.86,174.88,66
FSLR,2026-09-28 10:40:00-04:00,174.88,174.9,173.88,174.11,86
FSLR,2026-09-28 10:45:00-04:00,174.13,174.34,173.88,174.15,59
FSLR,2026-09-28 10:50:00-04:00,174.11,174.27,173.75,173.76,62
FSLR,2026-09-28 10:55:00-04:00,173.75,174.51,173.72,174.51,76
FSLR,2026-09-28 11:00:00-04:00,174.36,174.6,174.18,174.25,111
FSLR,2026-09-28 11:05:00-04:00,174.21,174.32,173.74,173.74,73
FSLR,2026-09-28 11:10:00-04:00,173.75,173.9,173.19,173.19,236
FSLR,2026-09-28 11:15:00-04:00,173.11,173.34,173.04,173.21,60
