ticker,date,open,high,low,close,adj_close,volume,ema20,dist_ema20_pct,atr14
AAPL,2026-08-13,304.2099914550781,306.0,302.04998779296875,305.260009765625,305.260009765625,40349300.0,305.260009765625,0.0,
AAPL,2026-08-14,306.0,307.489990234375,304.29998779296875,305.92999267578125,305.92999267578125,28229400.0,305.32381766183033,0.1985351220199716,
AAPL,2026-08-17,306.2099914550781,307.6600036621094,302.94000244140625,305.5899963378906,305.5899963378906,38169300.0,305.34916801193134,0.07886981566946893,3.953338623046875
AAPL,2026-08-18,307.5799865722656,311.489990234375,305.739990234375,310.0299987792969,310.0299987792969,53424500.0,305.7949614183471,1.384927122836399,4.44000244140625
AAPL,2026-08-19,310.1400146484375,319.2799987792969,309.6000061035156,316.8299865722656,316.8299865722656,50505600.0,306.8459161949107,3.25377326221703,5.48800048828125
AAPL,2026-08-20,317.4599914550781,320.2799987792969,310.6499938964844,311.29998779296875,311.29998779296875,40959200.0,307.2701134899639,1.3115087104416778,6.178334554036458
AAPL,2026-08-21,312.04998779296875,312.3800048828125,307.010009765625,309.3500061035156,309.3500061035156,46876800.0,307.4681985007783,0.6120332482881352,6.062857491629464
AAPL,2026-08-24,311.4700012207031,313.3599853515625,309.9700012207031,310.3399963378906,310.3399963378906,34673600.0,307.74170305669384,0.844309775174712,5.806247711181641
AAPL,2026-08-25,310.7900085449219,313.5899963378906,308.2099914550781,309.8999938964844,309.8999938964844,25869800.0,307.9472545652453,0.6341148694427812,5.758887396918403
AAPL,2026-08-26,310.29998779296875,315.42999267578125,308.79998779296875,313.45001220703125,313.45001220703125,34024500.0,308.47132672160586,1.6139864726936626,5.845999145507813
AAPL,2026-08-27,310.54998779296875,315.3999938964844,309.3999938964844,314.5799865722656,314.5799865722656,32419200.0,309.0531038502402,1.7883278482469622,5.859999223188921
AAPL,2026-08-28,316.8500061035156,322.3699951171875,315.45001220703125,319.70001220703125,319.70001220703125,38649400.0,310.06709512231555,3.106720202256774,6.020833333333333
AAPL,2026-08-31,319.6000061035156,321.239990234375,312.79998779296875,316.8500061035156,316.8500061035156,41242700.0,310.7130866443346,1.9751081376903068,6.2069232647235575
AAPL,2026-09-01,316.9800109863281,327.29998779296875,314.7300109863281,325.1300048828125,325.1300048828125,53167400.0,312.08612647657066,4.179576501367199,6.661427089146206
AAPL,2026-09-02,326.8699951171875,328.3999938964844,323.5299987792969,324.9599914550781,324.9599914550781,33776400.0,313.3122088554761,3.7176280624847458,6.727140154157366
AAPL,2026-09-03,324.8699951171875,330.80999755859375,324.1099853515625,328.2099914550781,328.2099914550781,37225800.0,314.7310452935335,4.282687190573631,6.977855137416294
AAPL,2026-09-04,328.30999755859375,328.92999267578125,317.8599853515625,319.9700012207031,319.9700012207031,39606900.0,315.22999347707344,1.503666478987653,7.431427001953125
AAPL,2026-09-08,317.1000061035156,320.70001220703125,314.8999938964844,316.2200012207031,316.2200012207031,35477100.0,315.3242799288477,0.2840635335970676,7.424285888671875
AAPL,2026-09-09,315.489990234375,319.1499938964844,309.8999938964844,315.3399963378906,315.3399963378906,65640000.0,315.325776729709,0.004509497551730135,7.393572126116071
AAPL,2026-09-10,316.6700134277344,326.739990234375,316.510009765625,326.57000732421875,326.57000732421875,70011900.0,316.39665583394805,3.2153789563470925,7.519999912806919
AAPL,2026-09-11,327.45001220703125,336.2200012207031,326.29998779296875,332.2699890136719,332.2699890136719,50716900.0,317.90840185106464,4.517523625983122,7.845001220703125
AAPL,2026-09-14,334.7900085449219,335.5,331.3399963378906,333.0799865722656,333.0799865722656,39269100.0,319.3533146816552,4.298271306278356,7.855717250279018
AAPL,2026-09-15,330.1400146484375,331.7799987792969,328.3500061035156,331.3399963378906,331.3399963378906,31748200.0,320.4949034108205,3.3838581555128755,7.809286934988839
AAPL,2026-09-16,332.5299987792969,335.4800109863281,330.70001220703125,332.4100036621094,332.4100036621094,35981000.0,321.62967486332417,3.351783010496856,7.677143641880581
AAPL,2026-09-17,334.7699890136719,338.3399963378906,330.17999267578125,337.0,337.0,36700200.0,323.09351535253137,4.304167055873931,7.831429617745536
AAPL,2026-09-18,337.9100036621094,338.489990234375,332.5299987792969,336.1300048828125,336.1300048828125,86588200.0,324.3350857839867,3.6366460539768664,7.700714111328125
AAPL,2026-09-21,335.2799987792969,339.6400146484375,333.04998779296875,338.9800109863281,338.9800109863281,34999200.0,325.7298405651621,4.067840514143906,7.568572998046875
AAPL,2026-09-22,340.1400146484375,345.3399963378906,338.75,339.75,339.75,40711800.0,327.06509384467046,3.8784041446360717,7.141431535993304
AAPL,2026-09-23,341.0799865722656,341.79998779296875,335.5,337.0199890136719,337.0199890136719,31587800.0,328.0131790988611,2.745868303083099,7.243573869977679
AAPL,2026-09-24,336.32000732421875,338.9100036621094,334.29998779296875,337.62060546875,337.62060546875,14283533.0,328.92817208646954,2.6426539651931646,7.094288417271206
AMAT,2026-08-13,548.8099975585938,563.760009765625,531.7899780273438,534.5399780273438,533.968994140625,12963300.0,534.5399780273438,0.0,
AMAT,2026-08-14,499.3999938964844,523.0,497.1000061035156,507.17999267578125,506.63824462890625,13132300.0,531.9342651367188,-4.653633744495689,
AMAT,2026-08-17,518.0,539.8099975585938,515.1199951171875,535.3099975585938,534.7382202148438,9624100.0,532.2557634626116,0.573828280620714,34.013336181640625
AMAT,2026-08-18,507.3699951171875,516.8300170898438,497.7300109863281,514.3300170898438,513.7806396484375,8611900.0,530.548549522348,-3.0569365324070286,34.904998779296875
AMAT,2026-08-19,508.4100036621094,513.47998046875,488.54998779296875,496.1700134277344,495.6400146484375,6571200.0,527.2744032276229,-5.899089659859868,33.0800048828125
AMAT,2026-08-20,489.5799865722656,499.8900146484375,487.4700012207031,496.2099914550781,496.2099914550781,6604500.0,524.3158878207139,-5.360489166646499,29.636672973632812
AMAT,2026-08-21,503.0,503.5,483.1300048828125,492.32000732421875,492.32000732421875,5526800.0,521.268661106762,-5.553499748302393,28.312861851283483
AMAT,2026-08-24,481.8800048828125,489.739990234375,473.6700134277344,484.19000244140625,484.19000244140625,9264700.0,517.73736028149,-6.479609240840634,27.105003356933594
AMAT,2026-08-25,490.05999755859375,492.29998779296875,475.8800048828125,480.0400085449219,480.0400085449219,5185200.0,514.1471363065788,-6.633729015135326,25.91777886284722
AMAT,2026-08-26,479.739990234375,480.6700134277344,472.3999938964844,479.760009765625,479.760009765625,5193000.0,510.872171874107,-6.090009168898103,24.1530029296875
AMAT,2026-08-27,481.5,484.9800109863281,471.0,482.3599853515625,482.3599853515625,6285600.0,508.1567255386265,-5.076532276478374,23.22818548029119
AMAT,2026-08-28,476.260009765625,477.9700012207031,460.510009765625,461.6700134277344,461.6700134277344,6524800.0,503.72941962330344,-8.349602893359243,23.11333465576172
AMAT,2026-08-31,462.4100036621094,465.8999938964844,453.9100036621094,458.3900146484375,458.3900146484375,6174000.0,499.4113810542686,-8.213943046158478,22.25769277719351
AMAT,2026-09-01,450.7200012207031,451.45001220703125,438.8299865722656,441.8500061035156,441.8500061035156,7142500.0,493.92934534467304,-10.543884410191396,22.06500244140625
AMAT,2026-09-02,443.5,443.5,433.57000732421875,438.4599914550781,438.4599914550781,6518400.0,488.64654973614023,-10.270523409642795,20.490713936941965
AMAT,2026-09-03,432.4200134277344,437.1400146484375,426.1300048828125,435.9100036621094,435.9100036621094,5999200.0,483.6240215386135,-9.865932160421965,18.6971435546875
AMAT,2026-09-04,452.5,460.20001220703125,443.3599853515625,454.7099914550781,454.7099914550781,6009400.0,480.8703043878006,-5.440201379460808,18.101429530552455
AMAT,2026-09-08,464.0199890136719,472.8900146484375,458.1499938964844,472.7900085449219,472.7900085449219,6304600.0,480.10075240276456,-1.522752010125905,16.71571786063058
AMAT,2026-09-09,466.6600036621094,474.0400085449219,463.7799987792969,468.8500061035156,468.8500061035156,3936600.0,479.02925275521704,-2.1249739119591937,15.607145036969866
AMAT,2026-09-10,455.3999938964844,460.8599853515625,450.55999755859375,454.010009765625,454.010009765625,4837400.0,476.6464677085893,-4.749108506307797,16.02643040248326
AMAT,2026-09-11,461.19000244140625,464.57000732421875,452.70001220703125,456.489990234375,456.489990234375,4313100.0,474.72680318723553,-3.841538508131759,15.419287545340401
AMAT,2026-09-14,422.20001220703125,432.510009765625,419.6000061035156,424.2099914550781,424.2099914550781,8056600.0,469.9156782603634,-9.726359200120449,16.722143990652903
AMAT,2026-09-15,429.8500061035156,429.989990234375,416.760009765625,421.1700134277344,421.1700134277344,5630600.0,465.27323399058923,-9.478993705394823,16.494286673409597
AMAT,2026-09-16,429.7300109863281,430.739990234375,411.510009765625,415.3800048828125,415.3800048828125,5511000.0,460.52149788508666,-9.802255314807962,17.27714102608817
AMAT,2026-09-17,427.5799865722656,428.5400085449219,413.55999755859375,417.3999938964844,417.3999938964844,6929300.0,456.4146879814103,-8.548080312111905,17.34856959751674
AMAT,2026-09-18,421.69000244140625,445.0,420.0,444.57000732421875,444.57000732421875,14302900.0,455.2866231569159,-2.3538174169030257,17.759286063058035
AMAT,2026-09-21,455.95001220703125,468.510009765625,452.6600036621094,464.239990234375,464.239990234375,9491100.0,456.13932478334056,1.7759191130653162,18.612858363560267
AMAT,2026-09-22,457.8999938964844,472.489990234375,453.3399963378906,472.4599914550781,472.4599914550781,5807700.0,457.69367399017267,3.2262446050810967,18.583570207868302
AMAT,2026-09-23,471.2300109863281,474.8999938964844,461.0,474.3800048828125,474.3800048828125,4585600.0,459.2828483609003,3.287115244079186,18.867141723632812
AMAT,2026-09-24,463.7900085449219,474.0899963378906,460.57000732421875,470.29998779296875,470.29998779296875,2393263.0,460.332099735383,2.1653688854884834,18.972856794084823
AMZN,2026-08-13,267.239990234375,269.5799865722656,264.7099914550781,265.1300048828125,265.1300048828125,32170200.0,265.1300048828125,0.0,
AMZN,2026-08-14,264.8800048828125,265.80999755859375,262.4200134277344,262.6499938964844,262.6499938964844,27251700.0,264.89381336030505,-0.8470637480569088,
AMZN,2026-08-17,265.44000244140625,265.75,258.3399963378906,261.30999755859375,261.30999755859375,43896500.0,264.5524975696659,-1.2256546586630779,5.22332763671875
AMZN,2026-08-18,260.6300048828125,262.17999267578125,257.7300109863281,259.45001220703125,259.45001220703125,33171300.0,264.0665465827483,-1.7482465823327575,5.029991149902344
AMZN,2026-08-19,260.8500061035156,266.3999938964844,258.5799865722656,265.8399963378906,265.8399963378906,35762400.0,264.2354465594285,0.6072424420548783,5.587994384765625
AMZN,2026-08-20,263.1600036621094,263.8399963378906,259.5199890136719,260.1099853515625,260.1099853515625,28374100.0,263.84254549201273,-1.4146922868295442,5.7099965413411455
AMZN,2026-08-21,260.739990234375,261.0899963378906,257.0400085449219,258.6300048828125,258.6300048828125,35723000.0,263.3461130530413,-1.7908402427336712,5.472852434430804
AMZN,2026-08-24,259.6000061035156,263.32000732421875,259.04998779296875,262.07000732421875,262.07000732421875,28070500.0,263.22457917410577,-0.4386261547115411,5.374996185302734
AMZN,2026-08-25,262.510009765625,263.8900146484375,259.8299865722656,261.05999755859375,261.05999755859375,25550200.0,263.018428544057,-0.7445983904261544,5.228888617621528
AMZN,2026-08-26,261.2799987792969,262.04998779296875,258.239990234375,260.2799987792969,260.2799987792969,21528400.0,262.7576257093179,-0.9429324547033158,5.08699951171875
AMZN,2026-08-27,259.2300109863281,259.6600036621094,255.02000427246094,256.260009765625,256.260009765625,35927800.0,262.1388051432519,-2.242626906922185,5.102726329456676
AMZN,2026-08-28,258.32000732421875,267.55999755859375,257.7799987792969,266.42999267578125,266.42999267578125,49547400.0,262.54748967015945,1.4787812332540007,5.619164784749349
AMZN,2026-08-31,263.8299865722656,264.3599853515625,257.1199951171875,259.7699890136719,259.7699890136719,46089400.0,262.282965798113,-0.958116657250041,5.903074998121995
AMZN,2026-09-01,254.8300018310547,255.82000732421875,251.92999267578125,254.9199981689453,254.9199981689453,31700100.0,261.5817307858113,-2.5467117282440332,6.041426522391183
AMZN,2026-09-02,254.25999450683594,256.239990234375,253.39999389648438,254.97999572753906,254.97999572753906,24013300.0,260.9529941135949,-2.288917360900544,5.896426609584263
AMZN,2026-09-03,256.20001220703125,259.5,256.0,258.8999938964844,258.8999938964844,26891500.0,260.7574702833939,-0.7123387049624341,5.977142333984375
AMZN,2026-09-04,259.07000732421875,261.1199951171875,255.2899932861328,258.510009765625,258.510009765625,30749900.0,260.5434264245588,-0.7804521061376968,5.864285060337612
AMZN,2026-09-08,256.67999267578125,257.989990234375,254.75,256.9700012207031,256.9700012207031,29398000.0,260.20310021466776,-1.2425290057256566,5.815001351492746
AMZN,2026-09-09,253.1199951171875,254.69000244140625,250.64999389648438,252.39999389648438,252.39999389648438,33055500.0,259.4599472319836,-2.721018565993516,5.707858494349888
AMZN,2026-09-10,250.11000061035156,253.14999389648438,249.5800018310547,251.88999938964844,251.88999938964844,25484800.0,258.7389998184279,-2.6470692217198777,5.5114288330078125
AMZN,2026-09-11,254.08999633789062,257.5899963378906,253.13999938964844,256.7799987792969,256.7799987792969,26724100.0,258.5524282908916,-0.6855203500934159,5.629286629813058
AMZN,2026-09-14,253.14999389648438,255.9499969482422,250.74000549316406,253.5399932861328,253.5399932861328,34352800.0,258.0750535285336,-1.7572640905795134,5.725714547293527
AMZN,2026-09-15,252.24000549316406,253.27000427246094,247.22000122070312,248.4199981689453,248.4199981689453,36275400.0,257.15552444666804,-3.396981766780749,5.887140546526227
AMZN,2026-09-16,248.10000610351562,249.25999450683594,244.3000030517578,245.9600067138672,245.9600067138672,33488500.0,256.08928466259175,-3.9553696915004877,5.969282967703683
AMZN,2026-09-17,251.07000732421875,252.72999572753906,249.24000549316406,251.19000244140625,251.19000244140625,30438800.0,255.62268635581216,-1.7340729720036974,6.077139718191964
AMZN,2026-09-18,252.9199981689453,255.42999267578125,251.8800048828125,253.7100067138672,253.7100067138672,52274700.0,255.44052638991263,-0.6774648097161884,5.572854178292411
AMZN,2026-09-21,256.3999938964844,259.489990234375,253.60000610351562,258.45001220703125,258.45001220703125,42979400.0,255.72714408678107,1.064755221810243,5.3285675048828125
AMZN,2026-09-22,255.11000061035156,259.0,253.77999877929688,254.97999572753906,254.97999572753906,41982600.0,255.6559871001866,-0.2644144501816936,5.141424996512277
AMZN,2026-09-23,253.0,253.99000549316406,247.75999450683594,249.27000427246094,249.27000427246094,43999500.0,255.04779825945081,-2.2653769318613515,5.454282488141741
AMZN,2026-09-24,245.97000122070312,250.00999450683594,245.60499572753906,249.88999938964844,249.88999938964844,20645979.0,254.55657931946962,-1.8332191382744,5.446067810058594
CAT,2026-08-12,866.0,871.2000122070312,855.25,855.5999755859375,855.5999755859375,3148500.0,855.5999755859375,0.0,
CAT,2026-08-13,858.5,864.1099853515625,848.3699951171875,854.5999755859375,854.5999755859375,2523500.0,855.5047374906994,-0.10575767323226515,
CAT,2026-08-14,854.0,870.989990234375,850.0,856.5700073242188,856.5700073242188,1894900.0,855.6061917605584,0.11264710014278201,17.55999755859375
CAT,2026-08-17,864.030029296875,887.9099731445312,859.6199951171875,881.6500244140625,881.6500244140625,2140600.0,858.0865567751779,2.7460478727740156,21.004989624023438
CAT,2026-08-18,862.1900024414062,863.9199829101562,834.8099975585938,840.8699951171875,840.8699951171875,2685700.0,856.4468842363217,-1.8187805228603082,26.1719970703125
CAT,2026-08-19,845.0,848.9400024414062,805.6799926757812,816.1500244140625,816.1500244140625,4143900.0,852.6090880627733,-4.276175818340144,29.019999186197918
CAT,2026-08-20,811.5399780273438,818.9299926757812,801.0,815.3900146484375,815.3900146484375,2937800.0,849.0644144042651,-3.9660594867180765,27.435712541852677
CAT,2026-08-21,829.52001953125,832.0,812.3400268554688,827.9000244140625,827.9000244140625,2465200.0,847.048758214722,-2.2606412694610722,26.4637451171875
CAT,2026-08-24,822.989990234375,825.969970703125,804.489990234375,811.02001953125,811.02001953125,2536200.0,843.6174497686771,-3.8640061613667953,26.12444390190972
CAT,2026-08-25,833.5700073242188,834.4500122070312,804.75,811.2899780273438,811.2899780273438,1655500.0,840.5386429361693,-3.4797525556533704,26.482000732421874
CAT,2026-08-26,816.2000122070312,824.6199951171875,812.260009765625,821.9299926757812,821.9299926757812,1848200.0,838.766390530418,-2.0072809359933608,25.286365855823863
CAT,2026-08-27,827.4199829101562,832.989990234375,807.3099975585938,817.0,817.0,1835400.0,836.6934009560925,-2.3537177338304405,25.319168090820312
CAT,2026-08-28,819.010009765625,821.22998046875,799.1699829101562,800.25,800.25,1787500.0,833.222600865036,-3.9572379374736677,25.068462665264423
CAT,2026-08-31,800.0,802.9000244140625,789.0499877929688,797.469970703125,797.469970703125,3071400.0,829.8175884686636,-3.8981600552999374,24.267146519252233
CAT,2026-09-01,788.8800048828125,790.219970703125,774.5499877929688,779.1599731445312,779.1599731445312,2946600.0,824.9930536758891,-5.555571689621042,24.765001569475448
CAT,2026-09-02,778.510009765625,793.9400024414062,771.3900146484375,792.280029296875,792.280029296875,2507600.0,821.8775275445544,-3.6012054418989914,25.251429966517858
CAT,2026-09-03,796.9000244140625,803.9199829101562,781.489990234375,800.1400146484375,800.1400146484375,2351900.0,819.8072882211147,-2.399011798901285,25.35428728376116
CAT,2026-09-04,802.3800048828125,821.0,801.0,813.9400024414062,813.9400024414062,2149500.0,819.2484990992377,-0.6479714840696316,24.605717250279017
CAT,2026-09-08,823.3400268554688,830.5,817.0900268554688,822.47998046875,822.47998046875,2443200.0,819.5562592296675,0.3567444218937066,22.442858014787948
CAT,2026-09-09,815.6799926757812,827.9600219726562,813.5,815.5599975585938,815.5599975585938,1929000.0,819.1756628800414,-0.4413785083330901,20.385716029575892
CAT,2026-09-10,809.75,811.9500122070312,797.5,805.0,805.0,1781900.0,817.8255997486089,-1.5682560869397233,20.395002092633927
CAT,2026-09-11,817.75,826.0,813.510009765625,818.5700073242188,818.5700073242188,1824600.0,817.8964957081907,0.08234680299550323,20.490718296595983
CAT,2026-09-14,783.0499877929688,794.5599975585938,772.8599853515625,784.0,784.0,2428000.0,814.6682580216964,-3.764508770253283,22.083574567522323
CAT,2026-09-15,789.489990234375,791.2000122070312,776.5,783.5399780273438,783.5399780273438,2261600.0,811.7036599269961,-3.469700001375553,21.01214599609375
CAT,2026-09-16,797.0,798.3900146484375,774.47998046875,782.719970703125,782.719970703125,2645300.0,808.9433085723417,-3.2416780745114004,21.76786150251116
CAT,2026-09-17,813.9500122070312,813.9500122070312,795.0,798.5700073242188,798.5700073242188,2429600.0,807.9553751201396,-1.1616195751560254,22.164293561662948
CAT,2026-09-18,800.7899780273438,809.489990234375,799.5700073242188,808.989990234375,808.989990234375,4786800.0,808.0539098929239,0.11584379829003844,21.368578229631698
CAT,2026-09-21,827.0,827.8099975585938,805.239990234375,816.5,816.5,1867300.0,808.8582994269311,0.9447514575152249,21.99143327985491
CAT,2026-09-23,803.969970703125,816.760009765625,798.530029296875,812.02001953125,812.02001953125,2788700.0,809.1594156273425,0.35352785231939077,21.65643310546875
CAT,2026-09-24,798.8699951171875,809.1400146484375,794.2000122070312,804.789794921875,804.789794921875,1158003.0,808.7432612744408,-0.4888407164389541,21.318577357700892
COST,2026-08-12,937.4000244140625,951.3900146484375,935.0499877929688,949.5800170898438,949.5800170898438,1311800.0,949.5800170898438,0.0,
COST,2026-08-13,954.25,962.5800170898438,949.510009765625,961.8499755859375,961.8499755859375,1324900.0,950.7485845656622,1.1676473886465866,
COST,2026-08-14,959.989990234375,965.3599853515625,957.75,961.0999755859375,961.0999755859375,1165100.0,951.734431329498,0.9840501665319135,12.340006510416666
COST,2026-08-17,954.8400268554688,956.75,949.4199829101562,953.5,953.5,1242800.0,951.9025807266887,0.16781331468729288,12.175003051757812
COST,2026-08-18,966.1099853515625,971.9600219726562,955.030029296875,961.3499755859375,961.3499755859375,1845200.0,952.8023326180457,0.897105587935032,13.4320068359375
COST,2026-08-19,960.22998046875,978.7000122070312,956.0,956.989990234375,956.989990234375,1642300.0,953.2011571529342,0.39748515337072465,14.976674397786459
COST,2026-08-20,931.1500244140625,944.219970703125,925.77001953125,933.510009765625,933.510009765625,2503700.0,951.3258097827144,-1.872733803065696,17.297145298549108
COST,2026-08-21,939.6400146484375,949.9000244140625,933.8200073242188,947.739990234375,947.739990234375,2365600.0,950.9843031590631,-0.3411531519406652,17.183753967285156
COST,2026-08-24,953.010009765625,974.489990234375,951.3900146484375,971.4000244140625,971.4000244140625,2204700.0,952.9286575643011,1.9383787761168225,18.24667019314236
COST,2026-08-25,965.8599853515625,969.0499877929688,959.8900146484375,960.010009765625,960.010009765625,1359900.0,953.6030720596654,0.6718663030438332,17.573004150390624
COST,2026-08-26,960.5800170898438,964.4500122070312,954.5399780273438,956.1199951171875,956.1199951171875,1221600.0,953.8427790175247,0.23874124224207982,16.87637051669034
COST,2026-08-27,948.27001953125,948.8499755859375,933.25,934.6599731445312,934.6599731445312,2239600.0,952.0158451248586,-1.8230654530808965,17.375839233398438
COST,2026-08-28,938.9400024414062,953.72998046875,937.1099853515625,945.469970703125,945.469970703125,1401300.0,951.392428513265,-0.622504198335383,17.50615985576923
COST,2026-08-31,945.1900024414062,949.2999877929688,940.7100219726562,943.8900146484375,943.8900146484375,2392600.0,950.677912907091,-0.7140060967543382,16.869288853236608
COST,2026-09-01,947.3499755859375,952.0999755859375,935.9299926757812,939.9600219726562,939.9600219726562,1507800.0,949.6571613895259,-1.0211200221647232,16.857142857142858
COST,2026-09-02,938.489990234375,938.8800048828125,920.3099975585938,928.47998046875,928.47998046875,2163000.0,947.6402870161186,-2.0218965793127652,17.327144077845983
COST,2026-09-03,927.7899780273438,930.760009765625,915.3099975585938,925.4099731445312,925.4099731445312,2171100.0,945.5231142664436,-2.1271971904691656,17.88714599609375
COST,2026-09-04,926.0900268554688,928.0399780273438,914.5399780273438,915.739990234375,915.739990234375,2076200.0,942.6866262633895,-2.8584935097493935,18.017146519252233
COST,2026-09-08,912.4000244140625,915.1300048828125,906.0999755859375,910.1799926757812,910.1799926757812,2236900.0,939.590756397903,-3.1301674182995787,17.38714599609375
COST,2026-09-09,907.0,909.22998046875,898.4299926757812,902.5999755859375,902.5999755859375,2065600.0,936.0678248920015,-3.575365845944478,16.60500226702009
COST,2026-09-10,906.6199951171875,912.0999755859375,899.0,902.3800048828125,902.3800048828125,1925700.0,932.8594610816025,-3.267314903302865,15.310716901506696
COST,2026-09-11,905.1699829101562,907.3599853515625,900.75,904.77001953125,904.77001953125,1772000.0,930.1842761720451,-2.7321743972475554,14.612143380301339
COST,2026-09-14,913.6500244140625,921.989990234375,910.7899780273438,918.9099731445312,918.9099731445312,2012800.0,929.1105330265676,-1.0978844302634405,13.931427001953125
COST,2026-09-15,916.9199829101562,916.9199829101562,900.25,901.3499755859375,901.3499755859375,2198700.0,926.4666704131744,-2.7110197948120085,14.442138671875
COST,2026-09-16,901.0499877929688,902.0,892.6699829101562,893.739990234375,893.739990234375,2096900.0,923.3498437294792,-3.20678599733204,14.400708879743304
COST,2026-09-17,895.3200073242188,896.0,888.0399780273438,893.9299926757812,893.9299926757812,2320000.0,920.5479531529365,-2.891534372108162,13.335710797991071
COST,2026-09-18,892.4299926757812,898.4000244140625,890.5499877929688,895.3099975585938,895.3099975585938,4175000.0,918.1443383344276,-2.487009920167549,12.534284319196429
COST,2026-09-21,891.0700073242188,899.4400024414062,885.5,898.47998046875,898.47998046875,2160100.0,916.2715423472202,-1.9417346339157815,12.916429792131696
COST,2026-09-23,901.3099975585938,905.5900268554688,893.3599853515625,904.7000122070312,904.7000122070312,2280700.0,915.1694918576784,-1.14399351636989,12.635005405970983
COST,2026-09-24,908.8099975585938,909.4276123046875,896.5499877929688,898.6201171875,898.6201171875,1348174.0,913.593360936709,-1.6389396409204338,12.151262555803571
FSLR,2026-08-12,242.75,244.0,224.86000061035156,226.77000427246094,226.77000427246094,3072900.0,226.77000427246094,0.0,
FSLR,2026-08-13,223.50999450683594,227.99000549316406,221.25999450683594,223.69000244140625,223.69000244140625,2102200.0,226.47667076474144,-1.2304438748262592,
FSLR,2026-08-14,224.77999877929688,230.9600067138672,223.75,225.55999755859375,225.55999755859375,2244400.0,226.38936855463214,-0.3663471484255054,11.046671549479166
FSLR,2026-08-17,225.36000061035156,226.38999938964844,216.89999389648438,217.85000610351562,217.85000610351562,1902100.0,225.5760959402401,-3.425048121575469,10.65750503540039
FSLR,2026-08-18,219.5,221.5,217.0,220.00999450683594,220.00999450683594,1902100.0,225.04599104182066,-2.2377632730408714,9.426004028320312
FSLR,2026-08-19,222.0,224.0,218.66000366210938,222.39999389648438,222.39999389648438,1657600.0,224.79399131369337,-1.0649739360107047,8.745002746582031
FSLR,2026-08-20,220.25,225.0,213.02000427246094,214.05999755859375,214.05999755859375,1619800.0,223.77170619416006,-4.340007412348967,9.207144601004464
FSLR,2026-08-21,214.99000549316406,221.39999389648438,211.52999877929688,214.27999877929688,214.27999877929688,1502400.0,222.8677340594112,-3.853287832964203,9.290000915527344
FSLR,2026-08-24,212.82000732421875,212.8800048828125,208.1199951171875,208.30999755859375,208.30999755859375,1611100.0,221.48128296409524,-5.946906767574001,8.942223442925346
FSLR,2026-08-25,211.60000610351562,211.99000549316406,205.39999389648438,206.82000732421875,206.82000732421875,1523300.0,220.08497099839272,-6.027201046031827,8.707002258300781
FSLR,2026-08-26,207.4199981689453,209.89999389648438,204.2100067138672,205.92999267578125,205.92999267578125,1465400.0,218.73687782481068,-5.854927288157896,8.432728160511363
FSLR,2026-08-27,212.92999267578125,213.1999969482422,207.00999450683594,210.10000610351562,210.10000610351562,1467200.0,217.91431861325876,-3.5859564252000875,8.335834503173828
FSLR,2026-08-28,209.6199951171875,211.14999389648438,202.10000610351562,204.4600067138672,204.4600067138672,1447600.0,216.63295557522147,-5.619158372756205,8.39076937161959
FSLR,2026-08-31,203.41000366210938,205.24000549316406,200.35000610351562,201.89999389648438,201.89999389648438,2790200.0,215.22981636772272,-6.193297330358815,8.140714372907366
FSLR,2026-09-01,199.0,202.61000061035156,198.1999969482422,199.64999389648438,199.64999389648438,1690700.0,213.7460237514143,-6.594756528113733,7.08857182094029
FSLR,2026-09-02,199.35000610351562,204.35000610351562,197.80999755859375,202.60000610351562,202.60000610351562,1729600.0,212.68449826113823,-4.741526646310001,7.0750002179827005
FSLR,2026-09-03,202.1699981689453,207.6999969482422,201.75,207.4199981689453,207.4199981689453,1873700.0,212.183117299977,-2.2448153235008594,6.980713980538504
FSLR,2026-09-04,208.24000549316406,209.67999267578125,203.47999572753906,204.4499969482422,204.4499969482422,1520700.0,211.44662964743083,-3.3089355507131657,6.745713370186942
FSLR,2026-09-08,206.4499969482422,215.5,205.9499969482422,213.25,213.25,2886500.0,211.61837920481835,0.7710203628402468,7.213570731026786
FSLR,2026-09-09,214.82000732421875,220.97999572753906,202.49000549316406,203.10000610351562,203.10000610351562,3463700.0,210.80710557612286,-3.6559960593093965,8.152856009347099
FSLR,2026-09-10,197.55999755859375,208.75,197.10000610351562,207.1699981689453,207.1699981689453,2189100.0,210.4607143944869,-1.5635774282194426,8.129284449986049
FSLR,2026-09-11,209.83999633789062,214.17999267578125,207.0800018310547,209.02999877929688,209.02999877929688,2068300.0,210.3244557644688,-0.6154571899244732,7.931427001953125
FSLR,2026-09-14,203.7100067138672,211.6699981689453,203.7100067138672,207.0399932861328,207.0399932861328,1351000.0,210.0116498141511,-1.4149960398139982,8.05999755859375
FSLR,2026-09-15,209.47999572753906,210.3000030517578,202.19000244140625,202.33999633789062,202.33999633789062,1446100.0,209.28101614974534,-3.316602690273762,8.168568202427455
FSLR,2026-09-16,205.52000427246094,205.72999572753906,189.39999389648438,191.07000732421875,191.07000732421875,3090200.0,207.54663435683804,-7.9387589606925495,8.92856924874442
FSLR,2026-09-17,193.14999389648438,203.52000427246094,192.72000122070312,201.16000366210938,201.16000366210938,2660000.0,206.9383838144829,-2.79231916566709,9.298568725585938
FSLR,2026-09-18,202.11000061035156,202.41000366210938,192.4199981689453,195.9600067138672,195.9600067138672,2760900.0,205.89282409061474,-4.82426593574532,9.36571284702846
FSLR,2026-09-21,198.22000122070312,201.16000366210938,193.72999572753906,199.83999633789062,199.83999633789062,1835500.0,205.316364304641,-2.667282749379274,9.547142028808594
FSLR,2026-09-23,200.38999938964844,201.49000549316406,191.14999389648438,191.97000122070312,191.97000122070312,2116500.0,204.04528210617076,-5.917941723927978,9.970714024135045
FSLR,2026-09-24,190.0,190.0,174.5,174.7100067138672,174.7100067138672,3863879.0,201.25144635452278,-13.188198207480417,10.751427786690849
GOOGL,2026-08-13,345.7699890136719,347.92999267578125,343.760009765625,346.3599853515625,346.13751220703125,17866100.0,346.3599853515625,0.0,
GOOGL,2026-08-14,346.79998779296875,350.45001220703125,344.5,345.8999938964844,345.67779541015625,17808600.0,346.3161766415551,-0.12017421453041077,
GOOGL,2026-08-17,346.2699890136719,347.25,341.92999267578125,344.0,343.7790222167969,18291300.0,346.09558838997845,-0.6054941063325936,5.14666748046875
GOOGL,2026-08-18,342.4100036621094,344.8699951171875,340.19000244140625,344.20001220703125,343.9789123535156,19248800.0,345.91505732493584,-0.4957994980523739,5.029998779296875
GOOGL,2026-08-19,342.4599914550781,346.7300109863281,340.6600036621094,344.7200012207031,344.4985656738281,19733800.0,345.801242457866,-0.3126770827882819,5.23800048828125
GOOGL,2026-08-20,343.05999755859375,343.8999938964844,338.57000732421875,340.6700134277344,340.451171875,18570400.0,345.31255397880585,-1.3444459222749283,5.3899993896484375
GOOGL,2026-08-21,342.5799865722656,346.20001220703125,340.3999938964844,344.82000732421875,344.5985107421875,20849800.0,345.26564477360705,-0.12907089255304038,5.448573521205357
GOOGL,2026-08-24,343.6199951171875,351.6000061035156,342.489990234375,348.05999755859375,347.83642578125,26338200.0,345.53177361027247,0.7316907275719542,5.906253814697266
GOOGL,2026-08-25,349.6400146484375,350.1600036621094,345.6000061035156,346.9599914550781,346.73712158203125,20649700.0,345.6677943573968,0.37382629182551863,5.75666978624132
GOOGL,2026-08-26,346.6199951171875,346.8800048828125,340.17999267578125,342.0,341.7803039550781,20420300.0,345.3184806090733,-0.9609913153851846,5.859002685546875
GOOGL,2026-08-27,339.6700134277344,341.69000244140625,338.5199890136719,340.6499938964844,340.4311828613281,23391400.0,344.873862826922,-1.2247576246615766,5.642730712890625
GOOGL,2026-08-28,340.7099914550781,349.1400146484375,340.2699890136719,346.5899963378906,346.36737060546875,25347200.0,345.0373041136809,0.45000705885940295,5.911671956380208
GOOGL,2026-08-31,343.8299865722656,344.5899963378906,337.1600036621094,339.3500061035156,339.13201904296875,33493600.0,344.4956566841413,-1.4936764748078035,6.18231201171875
GOOGL,2026-09-01,336.0,337.20001220703125,333.04998779296875,335.0199890136719,334.8047790527344,23342700.0,343.5932121440966,-2.4951666177937315,6.1907196044921875
GOOGL,2026-09-02,334.05999755859375,340.0,332.82000732421875,337.1199951171875,336.9034423828125,22582300.0,342.976715284391,-1.7076145132322473,6.405720302036831
GOOGL,2026-09-03,340.55999755859375,344.67999267578125,340.05999755859375,342.4800109863281,342.260009765625,20726900.0,342.9294101131469,-0.13104712327546286,6.520719255719866
GOOGL,2026-09-04,342.4700012207031,343.5299987792969,337.0899963378906,338.4599914550781,338.4599914550781,23189300.0,342.5037511933308,-1.1806468466881492,6.600718906947544
GOOGL,2026-09-08,335.4200134277344,339.67999267578125,333.2200012207031,338.3599853515625,338.3599853515625,22915800.0,342.10910682744816,-1.0958847341578148,6.727861676897321
GOOGL,2026-09-09,331.6499938964844,331.8500061035156,327.8999938964844,330.6499938964844,330.6499938964844,33151600.0,341.01776273878494,-3.040243053333891,7.041431971958706
GOOGL,2026-09-10,328.2300109863281,333.2300109863281,327.739990234375,332.6000061035156,332.6000061035156,23557600.0,340.2160716306641,-2.238596633793477,6.994291033063616
GOOGL,2026-09-11,335.0299987792969,342.9800109863281,335.0299987792969,338.5,338.5,24708300.0,340.0526362372675,-0.4565870314806708,7.321432931082589
GOOGL,2026-09-14,343.1199951171875,349.9100036621094,342.1400146484375,349.3900146484375,349.3900146484375,35905400.0,340.9419103716647,2.477872042062379,7.4857177734375
GOOGL,2026-09-15,346.79998779296875,348.07000732421875,342.70001220703125,344.9800109863281,344.9800109863281,21928600.0,341.326491382585,1.0703885271090785,7.637860979352679
GOOGL,2026-09-16,347.0799865722656,348.3999938964844,340.6400146484375,342.8699951171875,342.8699951171875,18928900.0,341.47349173826143,0.4089639203960438,7.707859584263393
GOOGL,2026-09-17,348.67999267578125,349.5,343.8900146484375,347.3299865722656,347.3299865722656,19238400.0,342.03125315102375,1.5491956867760948,7.932859148297991
GOOGL,2026-09-18,357.30999755859375,359.44000244140625,348.45001220703125,349.5400085449219,349.5400085449219,47631800.0,342.74637271234735,1.9821174995413138,8.16428702218192
GOOGL,2026-09-21,350.6400146484375,357.6099853515625,349.1000061035156,354.9700012207031,354.9700012207031,30455400.0,343.91052780838123,3.215799610090442,8.09857177734375
GOOGL,2026-09-22,357.6499938964844,364.1700134277344,350.2200012207031,351.1600036621094,351.1600036621094,29788600.0,344.60095408016485,1.9033753401677123,8.64499991280692
GOOGL,2026-09-23,349.8599853515625,350.0,337.45001220703125,337.8299865722656,337.8299865722656,35463700.0,343.95610003179354,-1.7810742298106197,9.111428397042411
GOOGL,2026-09-24,336.2349853515625,343.0899963378906,336.0201110839844,342.3800048828125,342.3800048828125,14615978.0,343.80599573189056,-0.41476613752544633,9.076420375279017
JPM,2026-08-13,366.5,366.5,361.5199890136719,363.1099853515625,363.1099853515625,5102700.0,363.1099853515625,0.0,
JPM,2026-08-14,363.0,365.8999938964844,361.45001220703125,362.8399963378906,362.8399963378906,5058600.0,363.0842721121652,-0.06727798283675535,
JPM,2026-08-17,361.94000244140625,365.75,360.9599914550781,360.9599914550781,360.9599914550781,5282600.0,362.8819596686331,-0.5296400557663561,4.740000406901042
JPM,2026-08-18,362.3399963378906,363.57000732421875,359.2699890136719,363.25,363.25,5525100.0,362.91701112876325,0.09175344804066565,4.6300048828125
JPM,2026-08-19,363.010009765625,363.04998779296875,355.6499938964844,357.260009765625,357.260009765625,6696200.0,362.37824909417867,-1.4124024665794654,5.224005126953125
JPM,2026-08-20,357.6000061035156,357.95001220703125,351.54998779296875,351.54998779296875,351.54998779296875,6799700.0,361.3469861131111,-2.711243955712872,5.4200083414713545
JPM,2026-08-21,354.07000732421875,356.8599853515625,350.3699951171875,351.5799865722656,351.5799865722656,8112100.0,360.4167956806496,-2.451830551263745,5.572862897600446
JPM,2026-08-24,353.29998779296875,358.2799987792969,352.82000732421875,356.3900146484375,356.3900146484375,4394400.0,360.03329272520085,-1.0119281050889106,5.713756561279297
JPM,2026-08-25,357.0,357.3699951171875,353.07000732421875,356.69000244140625,356.69000244140625,4298000.0,359.7148841267442,-0.840910904390646,5.556671142578125
JPM,2026-08-26,356.5,358.3500061035156,354.6000061035156,356.5,356.5,5796500.0,359.40870468610194,-0.8093027932204122,5.376004028320312
JPM,2026-08-27,354.67999267578125,357.57000732421875,352.2300109863281,354.2200012207031,354.2200012207031,5209900.0,358.91454245130205,-1.3079830085836908,5.372730601917613
JPM,2026-08-28,355.6700134277344,358.7300109863281,354.2200012207031,357.6199951171875,357.6199951171875,3914500.0,358.7912522290054,-0.3264452810767926,5.3008371988932295
JPM,2026-08-31,355.8999938964844,357.7699890136719,354.7699890136719,356.0199890136719,356.0199890136719,7962900.0,358.52732239897364,-0.6993423453824144,5.123849722055288
JPM,2026-09-01,355.7300109863281,359.92999267578125,354.1199951171875,354.95001220703125,354.95001220703125,5079000.0,358.1866261902172,-0.9036110637662853,5.172860281808036
JPM,2026-09-02,357.54998779296875,361.4700012207031,353.7900085449219,356.2200012207031,356.2200012207031,5341400.0,357.99932857407305,-0.49701974594674736,5.365716116768973
JPM,2026-09-03,358.67999267578125,362.8500061035156,356.3900146484375,362.05999755859375,362.05999755859375,5414200.0,358.38605895355124,1.0251343525387258,5.521432059151786
JPM,2026-09-04,361.0,362.8599853515625,355.20001220703125,358.6400146484375,358.6400146484375,4873500.0,358.41024521020705,0.06410794370448336,5.726429530552456
JPM,2026-09-08,357.1000061035156,358.54998779296875,353.2300109863281,353.510009765625,353.510009765625,5631400.0,357.94355612024685,-1.2386160551895675,5.805714198521206
JPM,2026-09-09,352.0,356.3299865722656,348.69000244140625,354.7099914550781,354.7099914550781,6318200.0,357.635597580707,-0.8180410857922649,5.808569771902902
JPM,2026-09-10,353.510009765625,354.2200012207031,351.1199951171875,353.55999755859375,353.55999755859375,4184200.0,357.2474451976486,-1.0321830676814803,5.607853480747768
JPM,2026-09-11,358.32000732421875,360.04998779296875,354.7900085449219,356.2300109863281,356.2300109863281,5354600.0,357.15054670133236,-0.25774445076631736,5.607853480747768
JPM,2026-09-14,354.2300109863281,355.2799987792969,347.54998779296875,350.1300048828125,350.1300048828125,9609900.0,356.4819236709971,-1.7818347485262342,5.7492828369140625
JPM,2026-09-15,351.0,354.70001220703125,343.07000732421875,352.489990234375,352.489990234375,14026500.0,356.101739534176,-1.0142464635319093,6.272855486188616
JPM,2026-09-16,353.3800048828125,355.6000061035156,344.69000244140625,348.9200134277344,348.9200134277344,8303400.0,355.4177656192768,-1.828201294389653,6.784284319196429
JPM,2026-09-17,352.25,353.489990234375,345.2699890136719,349.30999755859375,349.30999755859375,6480100.0,354.8360734230213,-1.5573602230231964,6.989998953683036
JPM,2026-09-18,347.8900146484375,349.6700134277344,345.010009765625,349.6700134277344,349.6700134277344,18312400.0,354.3440677091844,-1.3190722541702282,7.000712803431919
JPM,2026-09-21,353.6700134277344,354.5,350.0799865722656,352.0400085449219,352.0400085449219,6414700.0,354.12463350306416,-0.5886698526224476,7.131426130022321
JPM,2026-09-22,352.0,352.1000061035156,337.29998779296875,340.0,340.0,11485600.0,352.7794303122962,-3.622498710024924,7.773570469447544
JPM,2026-09-23,337.6099853515625,341.44000244140625,336.9800109863281,337.5299987792969,337.5299987792969,7068500.0,351.3271034996296,-3.9271392906773728,7.543570382254464
JPM,2026-09-24,338.1199951171875,339.3699951171875,335.2799987792969,337.4150085449219,337.4150085449219,3466167.0,350.0021420753717,-3.5963018557009896,7.362141200474331
LLY,2026-08-12,1201.72998046875,1226.5,1191.0799560546875,1220.280029296875,1218.533935546875,1941600.0,1220.280029296875,0.0,
LLY,2026-08-13,1238.300048828125,1240.0999755859375,1206.0,1209.0,1207.27001953125,1927300.0,1219.2057407924108,-0.8370810972213483,
LLY,2026-08-14,1194.010009765625,1199.0,1171.199951171875,1180.1600341796875,1180.1600341796875,2274500.0,1215.4871020673895,-2.9064124026997207,35.773356119791664
LLY,2026-08-17,1175.199951171875,1198.52001953125,1163.5,1183.1600341796875,1183.1600341796875,1807000.0,1212.408333697132,-2.4124132690720224,35.58502197265625
LLY,2026-08-18,1200.0,1228.469970703125,1194.010009765625,1225.72998046875,1225.72998046875,2509100.0,1213.6770619610957,0.9930910689025296,37.5300048828125
LLY,2026-08-19,1245.81005859375,1292.6500244140625,1240.5400390625,1280.3399658203125,1280.3399658203125,4541800.0,1220.0259099476875,4.9436700795322475,42.4283447265625
LLY,2026-08-20,1274.1300048828125,1280.280029296875,1243.22998046875,1244.4000244140625,1244.4000244140625,2621400.0,1222.3472541825804,1.8041330036143721,41.6685791015625
LLY,2026-08-21,1232.0,1271.219970703125,1230.0,1255.4000244140625,1255.4000244140625,2497300.0,1225.4951370617694,2.440228969328495,41.61250305175781
LLY,2026-08-24,1262.1400146484375,1262.1400146484375,1230.949951171875,1246.9300537109375,1246.9300537109375,1664600.0,1227.5365576950235,1.579871156939694,40.45445421006944
LLY,2026-08-25,1249.0,1264.72998046875,1229.7900390625,1233.6600341796875,1233.6600341796875,2141100.0,1228.1197459316581,0.45111954810452826,39.9030029296875
LLY,2026-08-26,1234.0,1235.780029296875,1180.010009765625,1189.4100341796875,1189.4100341796875,3000500.0,1224.4331067171847,-2.8603500138441373,41.345458984375
LLY,2026-08-27,1182.25,1190.1099853515625,1171.7099609375,1176.0999755859375,1176.0999755859375,2730600.0,1219.8299513713516,-3.5849239261793953,39.43333943684896
LLY,2026-08-28,1172.6600341796875,1180.0,1162.9300537109375,1174.6099853515625,1174.6099853515625,2450800.0,1215.5232879408957,-3.3659003488646033,37.71307842548077
LLY,2026-08-31,1168.469970703125,1171.449951171875,1147.0,1156.72998046875,1156.72998046875,3055800.0,1209.923925324501,-4.39647020299101,36.991428920200896
LLY,2026-09-01,1188.0,1188.3299560546875,1156.8499755859375,1160.0,1160.0,2520100.0,1205.1692657697865,-3.7479603116940763,36.71856689453125
LLY,2026-09-02,1164.1500244140625,1187.8299560546875,1158.0,1160.0799560546875,1160.0799560546875,2445100.0,1200.87504579692,-3.3971136201901952,36.413565499441965
LLY,2026-09-03,1170.0,1171.6600341796875,1137.5,1159.5999755859375,1159.5999755859375,2550500.0,1196.9440867292074,-3.1199545206257007,36.153564453125
LLY,2026-09-04,1150.6099853515625,1158.43994140625,1138.31005859375,1149.3599853515625,1149.3599853515625,2218900.0,1192.412267550384,-3.6105198990669107,35.172842843191965
LLY,2026-09-08,1133.0,1134.530029296875,1113.550048828125,1123.9100341796875,1123.9100341796875,2400500.0,1185.8882453246035,-5.226311280954743,34.494271414620535
LLY,2026-09-09,1127.6099853515625,1138.7900390625,1119.0,1124.2099609375,1124.2099609375,2045000.0,1180.0141230020222,-4.729109675615851,31.127842494419642
LLY,2026-09-10,1126.0799560546875,1133.7900390625,1120.52001953125,1123.0,1123.0,1995600.0,1174.584206525639,-4.391699312748509,29.42498779296875
LLY,2026-09-11,1129.4100341796875,1131.43994140625,1113.2900390625,1115.699951171875,1115.699951171875,1837200.0,1168.9761822062328,-4.557512107202088,27.777125767299108
LLY,2026-09-14,1142.199951171875,1153.949951171875,1130.5,1138.280029296875,1138.280029296875,2129600.0,1166.0527390720083,-2.3817713251319983,28.281406947544642
LLY,2026-09-15,1156.6300048828125,1161.0,1131.5899658203125,1136.1099853515625,1136.1099853515625,1885200.0,1163.2010482414896,-2.329009497617196,27.88641357421875
LLY,2026-09-16,1137.31005859375,1151.22998046875,1132.6300048828125,1137.8199462890625,1137.8199462890625,1475400.0,1160.7838004364964,-1.9783058773562012,25.231410435267858
LLY,2026-09-17,1150.27001953125,1159.75,1138.260009765625,1152.43994140625,1152.43994140625,1896400.0,1159.9891471955204,-0.6507996913179714,25.483555385044642
LLY,2026-09-18,1150.0,1157.5999755859375,1140.27001953125,1152.9300537109375,1152.9300537109375,4542600.0,1159.316852577941,-0.550910551571937,25.502127511160715
LLY,2026-09-21,1144.5,1170.9000244140625,1134.4100341796875,1164.8900146484375,1164.8900146484375,2476600.0,1159.8476299179883,0.4347454441757659,26.13641357421875
LLY,2026-09-23,1174.7099609375,1188.8800048828125,1145.97998046875,1150.989990234375,1150.989990234375,2154100.0,1159.0040451862158,-0.6914604815337899,26.943559919084823
LLY,2026-09-24,1156.6700439453125,1197.75,1151.0126953125,1188.5450439453125,1188.5450439453125,1391528.0,1161.817473639463,2.300496499000282,28.152849469866073
MSFT,2026-08-13,493.2699890136719,501.3399963378906,493.010009765625,496.8800048828125,495.9463806152344,23039000.0,496.8800048828125,0.0,
MSFT,2026-08-14,496.3599853515625,500.010009765625,493.9200134277344,495.3999938964844,494.4691467285156,16217600.0,496.7390514555432,-0.26956961711286365,
MSFT,2026-08-17,490.1400146484375,492.6600036621094,478.4100036621094,480.3500061035156,479.44744873046875,29635800.0,495.1781899934453,-2.9945147402646977,10.469991048177084
MSFT,2026-08-18,481.5400085449219,484.2699890136719,477.1499938964844,481.6300048828125,480.72503662109375,24087600.0,493.8878866495755,-2.4819158554217013,9.632492065429688
MSFT,2026-08-19,480.07000732421875,489.29998779296875,479.3599853515625,484.30999755859375,483.3999938964844,19961900.0,492.97570673614865,-1.7578369601472077,9.693994140625
MSFT,2026-08-20,483.29998779296875,484.1600036621094,479.5,481.1499938964844,481.1499938964844,20020800.0,491.84944837046635,-2.1753515246240585,8.879994710286459
MSFT,2026-08-21,479.8800048828125,486.3599853515625,478.5299987792969,483.239990234375,483.239990234375,22510800.0,491.02949997655287,-1.5863628850302902,8.729993547712054
MSFT,2026-08-24,483.2099914550781,490.6099853515625,481.8599853515625,487.30999755859375,487.30999755859375,17230800.0,490.67526165103294,-0.6858434397356228,8.732494354248047
MSFT,2026-08-25,485.44000244140625,492.44000244140625,484.29998779296875,491.7099914550781,491.7099914550781,19519000.0,490.7738073466563,0.19075673852344543,8.666663275824654
MSFT,2026-08-26,487.8500061035156,497.3999938964844,487.30999755859375,496.3699951171875,496.3699951171875,20758900.0,491.3067776105164,1.0305612984409018,8.80899658203125
MSFT,2026-08-27,494.8800048828125,506.4800109863281,490.0799865722656,505.05999755859375,505.05999755859375,28688800.0,492.61660808176185,2.5259784734595447,9.499090021306818
MSFT,2026-08-28,505.3299865722656,517.780029296875,504.8699951171875,513.530029296875,513.530029296875,29207300.0,494.6083624832012,3.82558570556244,9.783335367838541
MSFT,2026-08-31,510.3800048828125,512.1900024414062,506.3900146484375,507.2900085449219,507.2900085449219,27208900.0,495.81613829860316,2.314138116942166,9.580003004807692
MSFT,2026-09-01,497.5199890136719,505.9700012207031,496.7799987792969,501.0199890136719,501.0199890136719,21046900.0,496.3117431286097,0.9486468837877515,9.646432059151786
MSFT,2026-09-02,499.8500061035156,500.2699890136719,493.80999755859375,496.82000732421875,496.82000732421875,15336100.0,496.3601492424772,0.0926460519530714,9.566432407924108
MSFT,2026-09-03,501.6600036621094,515.6500244140625,500.79998779296875,510.1199951171875,510.1199951171875,24125900.0,497.67061075435436,2.5015309511571715,10.476433890206474
MSFT,2026-09-04,510.0,511.0,499.3599853515625,499.70001220703125,499.70001220703125,18101800.0,497.8638870831807,0.3688006243248054,10.094292776925224
MSFT,2026-09-08,493.010009765625,495.19000244140625,490.1499938964844,493.95001220703125,493.95001220703125,18882300.0,497.491137094976,-0.7117965776481161,10.267865862165179
MSFT,2026-09-09,493.07000732421875,494.3900146484375,489.79998779296875,491.6499938964844,491.6499938964844,12889600.0,496.9348377427387,-1.063488297632753,9.885724748883929
MSFT,2026-09-10,488.32000732421875,494.5199890136719,486.0,492.44000244140625,492.44000244140625,16038800.0,496.50675819023087,-0.819073594012687,10.150724138532366
MSFT,2026-09-11,495.6499938964844,498.9700012207031,492.5799865722656,495.6300048828125,495.6300048828125,14510500.0,496.4232578752387,-0.1597936800587063,10.057867867606026
MSFT,2026-09-14,497.05999755859375,509.95001220703125,495.3399963378906,505.4100036621094,505.4100036621094,23091900.0,497.27913842636923,1.6350706489458133,10.4764404296875
MSFT,2026-09-15,500.05999755859375,505.8999938964844,495.5400085449219,497.1199951171875,497.1199951171875,17794600.0,497.2639819207328,-0.02895580793709218,10.635009765625
MSFT,2026-09-16,493.0299987792969,495.9700012207031,487.2300109863281,490.29998779296875,490.29998779296875,16670300.0,496.60074438475533,-1.2687771138145676,10.620723179408483
MSFT,2026-09-17,497.79998779296875,501.4700012207031,493.1700134277344,497.75,497.75,17841600.0,496.71019730049295,0.20933790068295988,10.24715096609933
MSFT,2026-09-18,497.9700012207031,498.6499938964844,491.1000061035156,493.7799987792969,493.7799987792969,39622300.0,496.4311307746648,-0.5340382242408737,9.864290509905134
MSFT,2026-09-21,494.95001220703125,501.8699951171875,491.3299865722656,501.6099853515625,501.6099853515625,27959900.0,496.9243550200836,0.9429262792501891,10.107147216796875
MSFT,2026-09-22,507.32000732421875,508.5,493.6499938964844,498.0,498.0,21652800.0,497.0267973991233,0.19580485518473356,10.417146955217634
MSFT,2026-09-23,500.760009765625,509.44000244140625,495.8800048828125,500.5899963378906,500.5899963378906,19415500.0,497.3661496790059,0.6481837698374404,10.870718819754464
MSFT,2026-09-24,495.3900146484375,496.9800109863281,491.2200012207031,496.4418029785156,496.4418029785156,9540587.0,497.2781166599116,-0.16817825948449716,10.195002964564733
NVDA,2026-08-13,225.05999755859375,227.22999572753906,223.7100067138672,225.3000030517578,225.04818725585938,98867200.0,225.3000030517578,0.0,
NVDA,2026-08-14,226.77000427246094,227.49000549316406,224.5,225.16000366210938,224.90834045410156,75680900.0,225.2866697765532,-0.056224416016026346,
NVDA,2026-08-17,225.97999572753906,227.9199981689453,224.86000061035156,225.00999450683594,224.7584991455078,93678700.0,225.26031975086585,-0.1111270925597374,3.189997355143229
NVDA,2026-08-18,220.4499969482422,221.63999938964844,218.69000244140625,219.74000549316406,219.49440002441406,103128200.0,224.73457553584663,-2.222430629899186,3.9724960327148438
NVDA,2026-08-19,221.6699981689453,222.8699951171875,216.75999450683594,217.55999755859375,217.31683349609375,96797300.0,224.05128239515588,-2.897231726223082,4.399996948242188
NVDA,2026-08-20,218.36000061035156,219.86000061035156,215.66000366210938,216.85000610351562,216.60763549804688,92457000.0,223.3654465578568,-2.9169419687541276,4.3666636149088545
NVDA,2026-08-21,218.4199981689453,218.74000549316406,214.5,214.72000122070312,214.48001098632812,98869300.0,222.54207081146123,-3.5148722945896327,4.348569597516741
NVDA,2026-08-24,215.52999877929688,215.58999633789062,207.25,208.47999572753906,208.24697875976562,135187300.0,221.2028255653734,-5.751657920876907,4.847497940063477
NVDA,2026-08-25,211.02999877929688,214.72999572753906,210.11000061035156,213.0500030517578,212.81187438964844,122309000.0,220.42636627836237,-3.3464069435728994,5.0033315022786455
NVDA,2026-08-26,212.63999938964844,213.60000610351562,209.22999572753906,209.66000366210938,209.4256591796875,179900000.0,219.4009984101478,-4.439813318364494,4.939999389648437
NVDA,2026-08-27,222.86000061035156,230.47000122070312,220.89999389648438,227.97999572753906,227.7251739501953,298909800.0,220.21804577370887,3.5246657132750103,6.382726495916193
NVDA,2026-08-28,227.36000061035156,229.25999450683594,216.80999755859375,217.5500030517578,217.3068389892578,195116400.0,219.96394646685638,-1.0974268528421316,6.888332366943359
NVDA,2026-08-31,218.8699951171875,221.3000030517578,216.2100067138672,220.77999877929688,220.53323364257812,124702700.0,220.04166573470786,0.335542381086662,6.749998826246995
NVDA,2026-09-01,216.75,220.41000366210938,215.10000610351562,217.44000244140625,217.1969757080078,109756200.0,219.79388827820293,-1.0709514514877005,6.673569815499442
NVDA,2026-09-02,218.7899932861328,227.9499969482422,218.47999572753906,224.41000366210938,224.1591796875,157104700.0,220.23351831476543,1.8963895138680797,7.172855922154018
NVDA,2026-09-03,226.02000427246094,230.39999389648438,224.75,228.4499969482422,228.1946563720703,134681600.0,221.01604008938227,3.3635372599443603,7.387140546526227
NVDA,2026-09-04,231.08999633789062,234.75999450683594,229.6300048828125,230.36000061035156,230.10252380371094,135352400.0,221.90594109137936,3.809749066380741,7.619283403669085
NVDA,2026-09-08,233.11000061035156,233.7100067138672,224.85000610351562,225.72999572753906,225.47769165039062,122965600.0,222.2701367710136,1.5566009032017991,7.800712585449219
NVDA,2026-09-09,225.27999877929688,226.17999267578125,223.4600067138672,223.6699981689453,223.4199981689453,82955500.0,222.40345690414995,0.5694791269999167,7.558568681989398
NVDA,2026-09-10,220.52999877929688,220.99000549316406,217.1999969482422,218.36000061035156,218.36000061035156,105768000.0,222.0183658285501,-1.6477759416640536,7.720711844308036
NVDA,2026-09-11,221.24000549316406,222.0,218.14999389648438,218.2899932861328,218.2899932861328,89060100.0,221.66328272927225,-1.521807942932707,7.692854745047433
NVDA,2026-09-14,211.24000549316406,212.77000427246094,208.92999267578125,210.9600067138672,210.9600067138672,132267200.0,220.6439231087575,-4.388934106341558,7.765712193080357
NVDA,2026-09-15,213.3800048828125,213.94000244140625,211.16000366210938,212.1699981689453,212.1699981689453,88059700.0,219.8368826382992,-3.4875332916580293,7.532140459333148
NVDA,2026-09-16,214.13999938964844,216.75999450683594,212.5,213.89999389648438,213.89999389648438,96563600.0,219.27146466288826,-2.44968982838788,7.547853742327009
NVDA,2026-09-17,218.3800048828125,219.91000366210938,217.14999389648438,219.33999633789062,219.33999633789062,94191300.0,219.27799148907897,0.028276822671791102,6.490711757114956
NVDA,2026-09-18,219.35000610351562,222.72999572753906,218.02999877929688,222.27000427246094,222.27000427246094,190287400.0,219.5629450874963,1.232930804369503,5.937140328543527
NVDA,2026-09-21,222.94000244140625,228.5,221.55999755859375,227.3800048828125,227.3800048828125,109806100.0,220.30742697276452,3.210322051885406,6.069283621651786
NVDA,2026-09-22,226.85000610351562,229.97999572753906,226.5,228.8699951171875,228.8699951171875,95746700.0,221.12290965318576,3.503520045097286,5.912140982491629
NVDA,2026-09-23,228.02999877929688,228.9499969482422,224.02000427246094,225.50999450683594,225.50999450683594,89306700.0,221.5407272582953,1.7916648092938914,5.513569423130581
NVDA,2026-09-24,222.11599731445312,224.6300048828125,221.09080505371094,223.89999389648438,223.89999389648438,44851225.0,221.7654193190752,0.9625371638027902,5.401369367327009
UBER,2026-08-13,75.62999725341797,76.03500366210938,74.52999877929688,75.87999725341797,75.87999725341797,13239300.0,75.87999725341797,0.0,
UBER,2026-08-14,77.08999633789062,77.44000244140625,75.37000274658203,75.94999694824219,75.94999694824219,10195700.0,75.88666389102028,0.0834574271348476,
UBER,2026-08-17,77.08999633789062,77.52999877929688,74.6500015258789,74.98999786376953,74.98999786376953,18084900.0,75.8012671265202,-1.0702581810361766,2.151667277018229
UBER,2026-08-18,75.18499755859375,77.27999877929688,74.62999725341797,74.66000366210938,74.66000366210938,15895600.0,75.69257536800488,-1.3641651124635557,2.2762508392333984
UBER,2026-08-19,74.9000015258789,79.30999755859375,73.97000122070312,78.04000091552734,78.04000091552734,19059800.0,75.91613970586417,2.7976412102776127,2.8889999389648438
UBER,2026-08-20,78.47000122070312,80.1500015258789,78.08999633789062,78.55000305175781,78.55000305175781,17575800.0,76.16698383404452,3.1286774108129523,2.759166717529297
UBER,2026-08-21,79.7249984741211,80.22000122070312,77.8499984741211,78.80000305175781,78.80000305175781,12754300.0,76.41774756906483,3.117411280069393,2.7035718645368303
UBER,2026-08-24,79.0,79.5199966430664,77.9000015258789,79.29000091552734,79.29000091552734,12105700.0,76.69129550682315,3.3885272005517164,2.568124771118164
UBER,2026-08-25,79.37999725341797,80.43000030517578,78.61000061035156,80.3499984741211,80.3499984741211,14177100.0,77.03974340847057,4.296814759752388,2.484999762641059
UBER,2026-08-26,81.55999755859375,82.36499786376953,78.41500091552734,78.48999786376953,78.48999786376953,14524000.0,77.17786288040381,1.700144230994094,2.631499481201172
UBER,2026-08-27,77.66000366210938,77.69000244140625,76.19999694824219,76.94999694824219,76.94999694824219,14389100.0,77.15616136305508,-0.26720408476880175,2.600454157049006
UBER,2026-08-28,77.0,78.99500274658203,76.72000122070312,78.81999969482422,78.81999969482422,10702700.0,77.31462215655691,1.9470799911807335,2.5733331044514975
UBER,2026-08-31,78.16999816894531,78.29299926757812,75.33999633789062,75.6500015258789,75.6500015258789,18505900.0,77.15608685839709,-1.951998077977013,2.6430769700270433
UBER,2026-09-01,75.2699966430664,76.11000061035156,74.62000274658203,75.23999786376953,75.23999786376953,11220600.0,76.97360219224208,-2.2522063137215054,2.5607141767229353
UBER,2026-09-02,76.05000305175781,77.23999786376953,75.36000061035156,76.44999694824219,76.44999694824219,13014700.0,76.92373502614684,-0.6158542324337546,2.5960709708077565
UBER,2026-09-03,77.33499908447266,78.35399627685547,75.19000244140625,75.95999908447266,75.95999908447266,14420700.0,76.8319506507493,-1.134881463885029,2.674213409423828
UBER,2026-09-04,76.1500015258789,76.86000061035156,75.20999908447266,75.76000213623047,75.76000213623047,14418000.0,76.72986031603322,-1.2639905452820122,2.5863565717424666
UBER,2026-09-08,75.61499786376953,75.61499786376953,72.71499633789062,73.12999725341797,73.12999725341797,25922800.0,76.38701621483177,-4.263838441147804,2.6145711626325334
UBER,2026-09-09,73.05000305175781,73.10099792480469,71.0,71.08000183105469,71.08000183105469,21828800.0,75.88158627351967,-6.327733351748066,2.3852855137416293
UBER,2026-09-10,70.37999725341797,73.4800033569336,69.23999786376953,72.55999755859375,72.55999755859375,35402300.0,75.56524449114578,-3.977022707713418,2.537428719656808
UBER,2026-09-11,72.98999786376953,73.05500030517578,71.03500366210938,71.66999816894531,71.66999816894531,25309100.0,75.19426865093621,-4.686887106185078,2.5124282836914062
UBER,2026-09-14,71.9749984741211,72.8030014038086,71.26000213623047,72.62999725341797,72.62999725341797,19055000.0,74.95005232736304,-3.095468251058253,2.5069285801478793
UBER,2026-09-15,72.32499694824219,72.41999816894531,71.30999755859375,71.43000030517578,71.43000030517578,15515800.0,74.61480927763093,-4.268333596625473,2.4712142944335938
UBER,2026-09-16,71.31999969482422,71.95999908447266,70.57099914550781,70.97000122070312,70.97000122070312,17960700.0,74.26768470078066,-4.440266979324425,2.288285936628069
UBER,2026-09-17,71.5999984741211,71.64099884033203,70.23999786376953,70.87000274658203,70.87000274658203,19808400.0,73.94409594323794,-4.157320685908028,2.224785940987723
UBER,2026-09-18,70.8949966430664,71.0,70.05999755859375,70.5,70.5,20652800.0,73.61608680578671,-4.2328884093058905,2.1294288635253906
UBER,2026-09-21,70.81999969482422,71.38999938964844,70.11100006103516,70.83999633789062,70.83999633789062,16956100.0,73.35169723741566,-3.4241892064139634,1.9722142900739397
UBER,2026-09-22,71.6500015258789,71.9000015258789,69.54000091552734,69.88999938964844,69.88999938964844,26420300.0,73.0220117281045,-4.289134555917229,2.034357343401228
UBER,2026-09-23,69.55999755859375,70.04000091552734,68.55000305175781,69.41999816894531,69.41999816894531,17977000.0,72.6789628177084,-4.484054976041884,1.9979286193847656
UBER,2026-09-24,69.44999694824219,70.08000183105469,68.92500305175781,69.23999786376953,69.23999786376953,8934642.0,72.35144234590469,-4.300459508823151,1.854428972516741
V,2026-08-12,361.0,363.3500061035156,358.30999755859375,359.4200134277344,359.4200134277344,3794200.0,359.4200134277344,0.0,
V,2026-08-13,363.70001220703125,365.45001220703125,358.7099914550781,365.45001220703125,365.45001220703125,8142600.0,359.99429902576264,1.5154998832018096,
V,2026-08-14,365.8900146484375,366.79998779296875,362.760009765625,364.1499938964844,364.1499938964844,8106900.0,360.3900794896409,1.043290207146641,5.273335774739583
V,2026-08-17,362.8399963378906,363.55999755859375,358.5199890136719,358.8399963378906,358.8399963378906,15543400.0,360.2424525228076,-0.3893089709709252,5.3625030517578125
V,2026-08-18,359.6199951171875,365.9100036621094,358.04998779296875,364.25,364.25,6820300.0,360.6241237111116,1.0054447416260492,5.862005615234375
V,2026-08-19,364.0899963378906,370.6400146484375,362.8999938964844,365.5400085449219,365.5400085449219,5866400.0,361.0923032190936,1.2317363970867135,6.175008138020833
V,2026-08-20,365.1000061035156,368.92999267578125,363.6300048828125,365.7300109863281,365.7300109863281,6151500.0,361.5339896731159,1.1606159954714368,6.050005231584821
V,2026-08-21,367.8699951171875,371.79998779296875,366.6600036621094,371.0400085449219,371.0400085449219,6667100.0,362.4393248037641,2.372999603675585,6.052501678466797
V,2026-08-24,373.260009765625,383.42999267578125,372.2099914550781,382.4100036621094,382.4100036621094,8477500.0,364.3412942188446,4.959281237117108,6.756666395399305
V,2026-08-25,381.2099914550781,384.20001220703125,380.2699890136719,384.1400146484375,384.1400146484375,6777600.0,366.22688664071063,4.891265131306621,6.474002075195313
V,2026-08-26,384.1400146484375,385.57000732421875,381.0799865722656,383.8999938964844,383.8999938964844,6075100.0,367.91003971268907,4.346158695827462,6.29364013671875
V,2026-08-27,381.1400146484375,381.7699890136719,378.5,379.6600036621094,379.6600036621094,6641500.0,369.0290838983481,2.880781008222555,6.219169616699219
V,2026-08-28,380.29998779296875,383.67999267578125,379.0299987792969,381.6000061035156,381.6000061035156,4643000.0,370.22631458455453,3.0720916020580358,6.0984637920673075
V,2026-08-31,381.3500061035156,382.4800109863281,378.79998779296875,379.3699951171875,379.3699951171875,6744800.0,371.09714130194817,2.2292960237352055,5.925718035016741
V,2026-09-01,379.6499938964844,380.75,372.2200012207031,372.6700134277344,372.6700134277344,5857400.0,371.2469386472611,0.3833229670953342,6.1750030517578125
V,2026-09-02,374.010009765625,380.1700134277344,374.010009765625,378.3999938964844,378.3999938964844,5599900.0,371.92818200433,1.7400703160695308,6.229287283761161
V,2026-09-03,380.1700134277344,382.2099914550781,376.8599853515625,378.75,378.75,3869500.0,372.57787895629855,1.656598899803563,6.3228607177734375
V,2026-09-04,374.8900146484375,377.5,373.6400146484375,375.07000732421875,375.07000732421875,4645100.0,372.8152245151481,0.6047990159208316,6.285716465541294
V,2026-09-08,371.6000061035156,373.5,367.44000244140625,368.6400146484375,368.6400146484375,4929000.0,372.4175854802233,-1.014337394114917,6.269287109375
V,2026-09-09,368.45001220703125,369.4800109863281,365.8800048828125,367.3900146484375,367.3900146484375,4479800.0,371.9387692105294,-1.2229847863794996,5.97357177734375
V,2026-09-10,366.3999938964844,368.0,365.5199890136719,367.2099914550781,367.2099914550781,3800200.0,371.4884094242959,-1.1516962200377012,5.772144862583706
V,2026-09-11,368.9200134277344,371.80999755859375,367.9800109863281,370.45001220703125,370.45001220703125,3492700.0,371.3895144512231,-0.25296951250227684,5.667146955217634
V,2026-09-14,375.07000732421875,377.1700134277344,371.6700134277344,375.2799987792969,375.2799987792969,6198200.0,371.7600367681825,0.9468371161447164,5.262148175920759
V,2026-09-15,374.82000732421875,376.3699951171875,372.82000732421875,375.6199951171875,375.6199951171875,5014000.0,372.1276518490401,0.9384799142967637,5.235002790178571
V,2026-09-16,374.9599914550781,376.4700012207031,368.1199951171875,370.92999267578125,370.92999267578125,7202300.0,372.0135890706345,-0.29127871311376285,5.510716029575893
V,2026-09-17,371.3800048828125,372.4800109863281,368.3900146484375,369.92999267578125,369.92999267578125,4710000.0,371.81515131874374,-0.5070150143898777,5.417144775390625
V,2026-09-18,368.55999755859375,370.79998779296875,366.92999267578125,368.2900085449219,368.2900085449219,19583000.0,371.4794234355226,-0.8585710780705802,5.361430576869419
V,2026-09-21,369.5400085449219,370.8999938964844,366.0899963378906,369.95001220703125,369.95001220703125,7108400.0,371.33376522328535,-0.3726440054332425,5.442143031529018
V,2026-09-23,361.239990234375,366.3299865722656,360.0,361.5199890136719,361.5199890136719,5125600.0,370.39911986998885,-2.397179253404702,5.543572562081473
V,2026-09-24,362.2699890136719,368.2099914550781,362.0,366.45001220703125,366.45001220703125,2415984.0,370.0230143782786,-0.965616200184416,5.485715593610491
WMT,2026-08-13,116.16999816894531,116.31999969482422,114.80999755859375,115.72000122070312,115.4436264038086,16822200.0,115.72000122070312,0.0,
WMT,2026-08-14,115.66000366210938,116.44999694824219,114.63999938964844,115.2699966430664,114.99469757080078,14520000.0,115.67714364188058,-0.3519684062001316,
WMT,2026-08-17,114.33000183105469,115.18000030517578,113.91999816894531,114.33000183105469,114.05694580078125,18131100.0,115.54884442180192,-1.0548288880310563,1.5566660563151042
WMT,2026-08-18,116.30000305175781,116.30999755859375,114.4800033569336,115.19999694824219,114.92486572265625,20675000.0,115.51562085289146,-0.2732304967232202,1.6624984741210938
WMT,2026-08-19,115.19000244140625,116.87000274658203,113.98999786376953,114.30000305175781,114.02702331542969,34286600.0,115.39984772897397,-0.9530729016204886,1.905999755859375
WMT,2026-08-20,106.37999725341797,107.0,102.8499984741211,103.83999633789062,103.59199523925781,83633100.0,114.29890950125174,-9.15049251913167,3.496667226155599
WMT,2026-08-21,103.69000244140625,104.27999877929688,102.1500015258789,103.69999694824219,103.69999694824219,44454200.0,113.28948925810798,-8.464591351469508,3.301428658621652
WMT,2026-08-24,104.13999938964844,106.5999984741211,104.0,106.48999786376953,106.48999786376953,35616300.0,112.64191864912337,-5.461484373785308,3.2512502670288086
WMT,2026-08-25,105.58000183105469,106.06999969482422,104.4000015258789,105.37999725341797,105.37999725341797,27032500.0,111.95030708762762,-5.868952042326092,3.1222220526801214
WMT,2026-08-26,105.51000213623047,106.08999633789062,104.08000183105469,104.33999633789062,104.33999633789062,28409400.0,111.22551558765267,-6.190593240573317,3.010999298095703
WMT,2026-08-27,103.61000061035156,103.75,102.2699966430664,102.62999725341797,102.62999725341797,29816600.0,110.40689479391602,-7.0438513419060484,2.925453879616477
WMT,2026-08-28,103.08999633789062,103.4000015258789,102.5,103.08999633789062,103.08999633789062,19420800.0,109.7100473219136,-6.034133742188885,2.7566661834716797
WMT,2026-08-31,103.08000183105469,104.98999786376953,102.83999633789062,104.87000274658203,104.87000274658203,34188700.0,109.24909069569156,-4.0083518510074185,2.7099996713491588
WMT,2026-09-01,105.11000061035156,106.63999938964844,104.66000366210938,105.91999816894531,105.91999816894531,22074600.0,108.93203426457288,-2.765059989894214,2.6578565325055803
WMT,2026-09-02,105.97000122070312,106.77999877929688,105.45999908447266,106.08999633789062,106.08999633789062,25181800.0,108.66136398584123,-2.3664047216319317,2.644284929547991
WMT,2026-09-03,106.41999816894531,109.3499984741211,106.0199966430664,108.41999816894531,108.41999816894531,25541200.0,108.63837676518447,-0.20101422972397254,2.752856663295201
WMT,2026-09-04,108.19999694824219,109.2300033569336,106.93000030517578,107.13999938964844,107.13999938964844,20540500.0,108.49567415799056,-1.2495196503115924,2.820714133126395
WMT,2026-09-08,106.77999877929688,106.9000015258789,105.66000366210938,106.05000305175781,106.05000305175781,22664800.0,108.26275310025412,-2.043870107798973,2.7849998474121094
WMT,2026-09-09,105.69000244140625,106.1500015258789,105.16000366210938,105.83000183105469,105.83000183105469,15460800.0,108.0310625031875,-2.037433142960965,2.649999346051897
WMT,2026-09-10,106.16999816894531,107.16000366210938,105.58999633789062,105.7300033569336,105.7300033569336,17174900.0,107.81191401306808,-1.9310580608764005,1.9442852565220423
WMT,2026-09-11,106.19999694824219,107.20999908447266,105.72000122070312,107.1500015258789,107.1500015258789,17068600.0,107.74887472857387,-0.5558046004689676,1.8985710144042969
WMT,2026-09-14,108.08000183105469,109.73999786376953,108.0,109.08000183105469,109.08000183105469,23877400.0,107.87564873833394,1.1164272074433157,1.8764277866908483
WMT,2026-09-15,108.61000061035156,109.23999786376953,107.86000061035156,108.08999633789062,108.08999633789062,19316300.0,107.89606279543457,0.1797410743557437,1.8257135663713728
WMT,2026-09-16,108.31999969482422,108.68000030517578,107.44999694824219,107.5,107.5,15150900.0,107.85834252920272,-0.33223441117287145,1.7699999128069197
WMT,2026-09-17,107.80000305175781,107.80000305175781,106.1500015258789,106.79000091552734,106.79000091552734,19216200.0,107.75659570885267,-0.8970168247862675,1.7400000435965401
WMT,2026-09-18,106.23999786376953,107.72000122070312,106.16999816894531,106.7300033569336,106.7300033569336,45337600.0,107.65882500866991,-0.8627454847863314,1.786428724016462
WMT,2026-09-21,106.16000366210938,107.76000213623047,106.08000183105469,107.44000244140625,107.44000244140625,23966900.0,107.6379847641686,-0.1839335093425709,1.7528572082519531
WMT,2026-09-22,108.12000274658203,110.19000244140625,107.61000061035156,110.12000274658203,110.12000274658203,19372800.0,107.87436742916037,2.0817135441339563,1.8078575134277344
WMT,2026-09-23,110.22000122070312,111.2300033569336,109.48999786376953,110.52999877929688,110.52999877929688,22711500.0,108.12728470060195,2.2221163560593338,1.837857927594866
WMT,2026-09-24,111.16999816894531,111.16999816894531,108.20500183105469,108.73500061035156,108.73500061035156,15716859.0,108.18516240629239,0.5082380909077422,1.811786106654576
XOM,2026-08-12,158.5500030517578,160.22999572753906,157.55999755859375,159.75,158.7222442626953,13219500.0,159.75,0.0,
XOM,2026-08-13,158.02999877929688,159.75999450683594,157.42999267578125,158.61000061035156,157.58958435058594,10542800.0,159.64142862955728,-0.6460904466090156,
XOM,2026-08-14,159.7100067138672,161.25999450683594,159.25,160.10000610351562,159.07000732421875,10231300.0,159.68510267469617,0.2598260087321336,2.5499979654947915
XOM,2026-08-17,160.10000610351562,162.50999450683594,159.08999633789062,161.4600067138672,161.4600067138672,12858100.0,159.85414115461722,1.0045817691370917,2.767498016357422
XOM,2026-08-18,164.35000610351562,165.6699981689453,163.25,165.55999755859375,165.55999755859375,18952700.0,160.39755605023402,3.2185287827845244,3.0559967041015623
XOM,2026-08-19,166.07000732421875,168.2100067138672,164.66000366210938,164.77000427246094,164.77000427246094,13648900.0,160.8139796904461,2.4600004238623185,3.138331095377604
XOM,2026-08-20,167.02000427246094,168.63999938964844,166.07000732421875,166.14999389648438,166.14999389648438,13803000.0,161.32217151959262,2.992658933000669,3.242854527064732
XOM,2026-08-21,166.5399932861328,168.0,164.61000061035156,165.11000061035156,165.11000061035156,14314300.0,161.68291714728394,2.119632378939418,3.2612476348876953
XOM,2026-08-24,163.8699951171875,165.22000122070312,162.25,164.0500030517578,164.0500030517578,10842500.0,161.908353900091,1.3227539531335042,3.228886922200521
XOM,2026-08-25,161.4499969482422,162.80999755859375,160.4600067138672,160.63999938964844,160.63999938964844,17525300.0,161.78755823242977,-0.7092998097744441,3.264997863769531
XOM,2026-08-26,158.0,161.1300048828125,157.75999450683594,158.19000244140625,158.19000244140625,14838400.0,161.4449338713799,-2.0161248494590667,3.274544455788352
XOM,2026-08-27,157.6300048828125,158.19000244140625,156.13999938964844,156.44000244140625,156.44000244140625,14288500.0,160.96827373519193,-2.813145217196722,3.172499338785807
XOM,2026-08-28,156.60000610351562,157.4199981689453,155.32000732421875,156.7100067138672,156.7100067138672,11352600.0,160.56272449506577,-2.3995094710273057,3.0899986853966346
XOM,2026-08-31,159.94000244140625,161.58999633789062,158.74000549316406,160.9499969482422,160.9499969482422,18363400.0,160.5996075858445,0.21817572761526627,3.2178551810128346
XOM,2026-09-01,163.60000610351562,164.6999969482422,162.22000122070312,164.5500030517578,164.5500030517578,11381800.0,160.97583572545528,2.2203129495772744,3.2949981689453125
XOM,2026-09-02,163.92999267578125,165.02000427246094,162.75999450683594,164.14999389648438,164.14999389648438,11287000.0,161.27813650364854,1.7806861209429092,3.2899987357003346
XOM,2026-09-03,164.42999267578125,165.64999389648438,162.08999633789062,162.2100067138672,162.2100067138672,13755100.0,161.36688604747889,0.5224867920796461,3.354998997279576
XOM,2026-09-04,161.02000427246094,161.47999572753906,159.16000366210938,159.47000122070312,159.47000122070312,16206400.0,161.18623034969073,-1.064749219126393,3.328570774623326
XOM,2026-09-08,160.61000061035156,163.11000061035156,158.75,160.66000366210938,160.66000366210938,12607700.0,161.13611352230205,-0.2954706116371497,3.3392857142857144
XOM,2026-09-09,162.8800048828125,165.17999267578125,162.5500030517578,164.22999572753906,164.22999572753906,13124000.0,161.43076897041988,1.7340106690764134,3.4085704258510043
XOM,2026-09-10,167.0,167.3699951171875,163.17999267578125,165.22999572753906,165.22999572753906,16615300.0,161.7926000901455,2.124569130775056,3.4314280918666293
XOM,2026-09-11,165.07000732421875,167.08999633789062,164.0800018310547,165.99000549316406,165.99000549316406,11362400.0,162.19235298567108,2.341449789453698,3.404284885951451
XOM,2026-09-14,168.6999969482422,169.4499969482422,164.0399932861328,165.0800018310547,165.0800018310547,13942100.0,162.4673671614219,1.6080981155046192,3.578570774623326
XOM,2026-09-15,165.36000061035156,169.63999938964844,165.14999389648438,169.32000732421875,169.32000732421875,12329200.0,163.1199995578787,3.800887557101862,3.6478565761021207
XOM,2026-09-16,167.22999572753906,167.5,162.55999755859375,163.32000732421875,163.32000732421875,13437800.0,163.13904791657777,0.11092341775436054,3.8899993896484375
XOM,2026-09-17,161.8300018310547,163.38999938964844,161.4499969482422,163.27000427246094,163.27000427246094,10976500.0,163.1515199504714,0.07262226059892019,3.8821422031947543
XOM,2026-09-18,162.5,163.5399932861328,161.30999755859375,163.5399932861328,163.5399932861328,37640600.0,163.18851741101057,0.2153802735011201,3.8914282662527904
XOM,2026-09-21,160.9600067138672,161.9499969482422,157.94000244140625,158.3000030517578,158.3000030517578,15752500.0,162.72294461489128,-2.718081075536727,3.942856924874442
XOM,2026-09-23,159.6199951171875,162.1199951171875,159.4199981689453,161.22999572753906,161.22999572753906,12569300.0,162.580759006572,-0.8308260382634436,3.9478563581194197
XOM,2026-09-24,163.05499267578125,164.90989685058594,161.63499450683594,161.94000244140625,161.94000244140625,7247706.0,162.51973457179432,-0.3567149133707037,4.049277169363839
