Config,RetainedExact,RetainedGoodMoves,Trades,Good,Bad,Success,CompoundPct,Net10bpPct,NetSuccess,ProfitFactor
"{""mode"": ""break10"", ""stop"": ""signal"", ""filters"": [], ""slope"": 0}",9,9,38,9,29,23.684210526315788,-3.5036406928864894,-7.106816474404509,21.052631578947366,0.5391307074650512
"{""mode"": ""break10"", ""stop"": ""swing5"", ""filters"": [], ""slope"": 0}",8,9,36,10,26,27.77777777777778,-3.296787048968808,-6.721027626579968,22.22222222222222,0.5846728314899808
"{""mode"": ""break10"", ""stop"": ""signal"", ""filters"": [[""slope"", 0.4]], ""slope"": 0}",9,9,37,9,28,24.324324324324326,-3.3807581281231847,-6.895299163283008,21.62162162162162,0.5482227630289382
"{""mode"": ""break10"", ""stop"": ""swing5"", ""filters"": [[""slope"", 0.4]], ""slope"": 0}",8,9,35,10,25,28.57142857142857,-3.5978718162362866,-6.9186618760827105,22.857142857142858,0.5628406138204699
"{""mode"": ""break10"", ""stop"": ""signal"", ""filters"": [[""rsi"", [60, 90]]], ""slope"": 0}",9,9,26,9,17,34.61538461538461,-1.5463124763471447,-4.075889295670443,30.76923076923077,0.7300632189659894
"{""mode"": ""break10"", ""stop"": ""swing5"", ""filters"": [[""rsi"", [60, 90]]], ""slope"": 0}",8,9,24,10,14,41.66666666666667,-0.3843125955263149,-2.748199725220246,33.33333333333333,0.9293349584235067
"{""mode"": ""break10"", ""stop"": ""signal"", ""filters"": [[""rsi"", [60, 90]], [""slope"", 0.4]], ""slope"": 0}",9,9,26,9,17,34.61538461538461,-1.7663059567116113,-4.290445443550706,30.76923076923077,0.7024205092805093
"{""mode"": ""break10"", ""stop"": ""swing5"", ""filters"": [[""rsi"", [60, 90]], [""slope"", 0.4]], ""slope"": 0}",8,9,24,10,14,41.66666666666667,-0.6743448547751663,-3.031633484606022,33.33333333333333,0.8785281447525468
"{""mode"": ""break10"", ""stop"": ""signal"", ""filters"": [[""rvol"", 1]], ""slope"": 0}",9,9,32,9,23,28.125,-2.504634549476248,-5.579033097286546,25.0,0.6225953814211485
"{""mode"": ""break10"", ""stop"": ""swing5"", ""filters"": [[""rvol"", 1]], ""slope"": 0}",8,9,30,10,20,33.33333333333333,-2.227087966378849,-5.120310274731454,26.666666666666668,0.6779976706085705
"{""mode"": ""break10"", ""stop"": ""signal"", ""filters"": [[""rvol"", 1], [""slope"", 0.4]], ""slope"": 0}",9,9,32,9,23,28.125,-2.722486671670399,-5.7902271212814105,25.0,0.6023792137020846
"{""mode"": ""break10"", ""stop"": ""swing5"", ""filters"": [[""rvol"", 1], [""slope"", 0.4]], ""slope"": 0}",8,9,30,10,20,33.33333333333333,-2.511754963207491,-5.396830679209419,26.666666666666668,0.650550157939965
"{""mode"": ""break10"", ""stop"": ""signal"", ""filters"": [[""rvol"", 1], [""rsi"", [60, 90]]], ""slope"": 0}",9,9,25,9,16,36.0,-1.4501745507241703,-3.8860136082006558,32.0,0.7428508748651805
"{""mode"": ""break10"", ""stop"": ""swing5"", ""filters"": [[""rvol"", 1], [""rsi"", [60, 90]]], ""slope"": 0}",8,9,23,10,13,43.47826086956522,-0.09622026628767211,-2.3690305248905696,34.78260869565217,0.9859175579147195
"{""mode"": ""break10"", ""stop"": ""signal"", ""filters"": [[""rvol"", 1], [""rsi"", [60, 90]], [""slope"", 0.4]], ""slope"": 0}",9,9,25,9,16,36.0,-1.6703828500292395,-4.100994456354757,32.0,0.7142502830142506
"{""mode"": ""break10"", ""stop"": ""swing5"", ""filters"": [[""rvol"", 1], [""rsi"", [60, 90]], [""slope"", 0.4]], ""slope"": 0}",8,9,23,10,13,43.47826086956522,-0.38709130978121786,-2.653569347129592,34.78260869565217,0.9289253575031016
"{""mode"": ""break10"", ""stop"": ""signal"", ""filters"": [[""eff"", 0.6]], ""slope"": 0}",9,9,27,9,18,33.33333333333333,-0.7525049992573862,-3.398395030833079,29.629629629629626,0.8500352547208044
"{""mode"": ""break10"", ""stop"": ""swing5"", ""filters"": [[""eff"", 0.6]], ""slope"": 0}",9,9,27,10,17,37.03703703703704,-0.9324506749331274,-3.573719718690982,29.629629629629626,0.8202393559475727
"{""mode"": ""break10"", ""stop"": ""signal"", ""filters"": [[""eff"", 0.6], [""slope"", 0.4]], ""slope"": 0}",9,9,26,9,17,34.61538461538461,-0.8006101742531802,-3.348613732694805,30.76923076923077,0.8417424364355349
"{""mode"": ""break10"", ""stop"": ""swing5"", ""filters"": [[""eff"", 0.6], [""slope"", 0.4]], ""slope"": 0}",9,9,26,10,16,38.46153846153847,-1.0817136299363095,-3.6227720847400557,30.76923076923077,0.7966569319571865
"{""mode"": ""break10"", ""stop"": ""signal"", ""filters"": [[""eff"", 0.6], [""rsi"", [60, 90]]], ""slope"": 0}",9,9,23,9,14,39.130434782608695,-0.4289574528723583,-2.694519838930798,34.78260869565217,0.9111487406476971
"{""mode"": ""break10"", ""stop"": ""swing5"", ""filters"": [[""eff"", 0.6], [""rsi"", [60, 90]]], ""slope"": 0}",9,9,23,10,13,43.47826086956522,-0.48401273084447416,-2.748377073306807,34.78260869565217,0.900691632147777
"{""mode"": ""break10"", ""stop"": ""signal"", ""filters"": [[""eff"", 0.6], [""rsi"", [60, 90]], [""slope"", 0.4]], ""slope"": 0}",9,9,23,9,14,39.130434782608695,-0.6514476484599796,-2.9121657346050656,34.78260869565217,0.868492899401331
"{""mode"": ""break10"", ""stop"": ""swing5"", ""filters"": [[""eff"", 0.6], [""rsi"", [60, 90]], [""slope"", 0.4]], ""slope"": 0}",9,9,23,10,13,43.47826086956522,-0.773754711963015,-3.0318103158236465,34.78260869565217,0.8472979706214637
"{""mode"": ""break10"", ""stop"": ""signal"", ""filters"": [[""eff"", 0.6], [""rvol"", 1]], ""slope"": 0}",9,9,25,9,16,36.0,-0.4813710080574629,-2.940202078097054,32.0,0.9004722181336805
"{""mode"": ""break10"", ""stop"": ""swing5"", ""filters"": [[""eff"", 0.6], [""rvol"", 1]], ""slope"": 0}",9,9,25,10,15,40.0,-0.5059601298162075,-2.9642084854895057,32.0,0.8961777893253842
"{""mode"": ""break10"", ""stop"": ""signal"", ""filters"": [[""eff"", 0.6], [""rvol"", 1], [""slope"", 0.4]], ""slope"": 0}",9,9,25,9,16,36.0,-0.703744086239777,-3.1572984494186773,32.0,0.8587873056063706
"{""mode"": ""break10"", ""stop"": ""swing5"", ""filters"": [[""eff"", 0.6], [""rvol"", 1], [""slope"", 0.4]], ""slope"": 0}",9,9,25,10,15,40.0,-0.795638210821481,-3.2470127020307493,32.0,0.8433022459853915
"{""mode"": ""break10"", ""stop"": ""signal"", ""filters"": [[""eff"", 0.6], [""rvol"", 1], [""rsi"", [60, 90]]], ""slope"": 0}",9,9,22,9,13,40.909090909090914,-0.3317284539047449,-2.5019098183166055,36.36363636363637,0.9311537853242916
"{""mode"": ""break10"", ""stop"": ""swing5"", ""filters"": [[""eff"", 0.6], [""rvol"", 1], [""rsi"", [60, 90]]], ""slope"": 0}",9,9,22,10,12,45.45454545454545,-0.19620873816165174,-2.369208564428915,36.36363636363637,0.9607745540981056
"{""mode"": ""break10"", ""stop"": ""signal"", ""filters"": [[""eff"", 0.6], [""rvol"", 1], [""rsi"", [60, 90]], [""slope"", 0.4]], ""slope"": 0}",9,9,22,9,13,40.909090909090914,-0.5544359064221571,-2.7199865302242943,36.36363636363637,0.8866500351704624
"{""mode"": ""break10"", ""stop"": ""swing5"", ""filters"": [[""eff"", 0.6], [""rvol"", 1], [""rsi"", [60, 90]], [""slope"", 0.4]], ""slope"": 0}",9,9,22,10,12,45.45454545454545,-0.48678866402958043,-2.6537468677838127,36.36363636363637,0.900259083582746
"{""mode"": ""break10"", ""stop"": ""signal"", ""filters"": [[""upperwick"", 0.5]], ""slope"": 0}",9,9,38,9,29,23.684210526315788,-3.5036406928864894,-7.106816474404509,21.052631578947366,0.5391307074650512
"{""mode"": ""break10"", ""stop"": ""swing5"", ""filters"": [[""upperwick"", 0.5]], ""slope"": 0}",8,9,36,10,26,27.77777777777778,-3.296787048968808,-6.721027626579968,22.22222222222222,0.5846728314899808
"{""mode"": ""break10"", ""stop"": ""signal"", ""filters"": [[""upperwick"", 0.5], [""slope"", 0.4]], ""slope"": 0}",9,9,36,9,27,25.0,-3.176062817280012,-6.604456269117664,22.22222222222222,0.5640232013312635
"{""mode"": ""break10"", ""stop"": ""swing5"", ""filters"": [[""upperwick"", 0.5], [""slope"", 0.4]], ""slope"": 0}",8,9,34,10,24,29.411764705882355,-2.8293038972105222,-6.081902161277341,23.52941176470588,0.6221536665387323
"{""mode"": ""break10"", ""stop"": ""signal"", ""filters"": [[""upperwick"", 0.5], [""rsi"", [60, 90]]], ""slope"": 0}",9,9,26,9,17,34.61538461538461,-1.5463124763471447,-4.075889295670443,30.76923076923077,0.7300632189659894
"{""mode"": ""break10"", ""stop"": ""swing5"", ""filters"": [[""upperwick"", 0.5], [""rsi"", [60, 90]]], ""slope"": 0}",8,9,24,10,14,41.66666666666667,-0.3843125955263149,-2.748199725220246,33.33333333333333,0.9293349584235067
"{""mode"": ""break10"", ""stop"": ""signal"", ""filters"": [[""upperwick"", 0.5], [""rsi"", [60, 90]], [""slope"", 0.4]], ""slope"": 0}",9,9,26,9,17,34.61538461538461,-1.7663059567116113,-4.290445443550706,30.76923076923077,0.7024205092805093
"{""mode"": ""break10"", ""stop"": ""swing5"", ""filters"": [[""upperwick"", 0.5], [""rsi"", [60, 90]], [""slope"", 0.4]], ""slope"": 0}",8,9,24,10,14,41.66666666666667,-0.6743448547751663,-3.031633484606022,33.33333333333333,0.8785281447525468
"{""mode"": ""break10"", ""stop"": ""signal"", ""filters"": [[""upperwick"", 0.5], [""rvol"", 1]], ""slope"": 0}",9,9,31,9,22,29.03225806451613,-2.2980831033043825,-5.284078416834525,25.806451612903224,0.6430536172814698
"{""mode"": ""break10"", ""stop"": ""swing5"", ""filters"": [[""upperwick"", 0.5], [""rvol"", 1]], ""slope"": 0}",8,9,29,10,19,34.48275862068966,-1.4475914453525807,-4.267384181107381,27.586206896551722,0.7659610879206931
"{""mode"": ""break10"", ""stop"": ""signal"", ""filters"": [[""upperwick"", 0.5], [""rvol"", 1], [""slope"", 0.4]], ""slope"": 0}",9,9,31,9,22,29.03225806451613,-2.5163967620103755,-5.495932174232953,25.806451612903224,0.6215100172087529
"{""mode"": ""break10"", ""stop"": ""swing5"", ""filters"": [[""upperwick"", 0.5], [""rvol"", 1], [""slope"", 0.4]], ""slope"": 0}",8,9,29,10,19,34.48275862068966,-1.734527955577736,-4.546390380691556,27.586206896551722,0.7311125201188563
"{""mode"": ""break10"", ""stop"": ""signal"", ""filters"": [[""upperwick"", 0.5], [""rvol"", 1], [""rsi"", [60, 90]]], ""slope"": 0}",9,9,25,9,16,36.0,-1.4501745507241703,-3.8860136082006558,32.0,0.7428508748651805
"{""mode"": ""break10"", ""stop"": ""swing5"", ""filters"": [[""upperwick"", 0.5], [""rvol"", 1], [""rsi"", [60, 90]]], ""slope"": 0}",8,9,23,10,13,43.47826086956522,-0.09622026628767211,-2.3690305248905696,34.78260869565217,0.9859175579147195
"{""mode"": ""break10"", ""stop"": ""signal"", ""filters"": [[""upperwick"", 0.5], [""rvol"", 1], [""rsi"", [60, 90]], [""slope"", 0.4]], ""slope"": 0}",9,9,25,9,16,36.0,-1.6703828500292395,-4.100994456354757,32.0,0.7142502830142506
"{""mode"": ""break10"", ""stop"": ""swing5"", ""filters"": [[""upperwick"", 0.5], [""rvol"", 1], [""rsi"", [60, 90]], [""slope"", 0.4]], ""slope"": 0}",8,9,23,10,13,43.47826086956522,-0.38709130978121786,-2.653569347129592,34.78260869565217,0.9289253575031016
"{""mode"": ""break10"", ""stop"": ""signal"", ""filters"": [[""upperwick"", 0.5], [""eff"", 0.6]], ""slope"": 0}",9,9,27,9,18,33.33333333333333,-0.7525049992573862,-3.398395030833079,29.629629629629626,0.8500352547208044
"{""mode"": ""break10"", ""stop"": ""swing5"", ""filters"": [[""upperwick"", 0.5], [""eff"", 0.6]], ""slope"": 0}",9,9,27,10,17,37.03703703703704,-0.9324506749331274,-3.573719718690982,29.629629629629626,0.8202393559475727
"{""mode"": ""break10"", ""stop"": ""signal"", ""filters"": [[""upperwick"", 0.5], [""eff"", 0.6], [""slope"", 0.4]], ""slope"": 0}",9,9,26,9,17,34.61538461538461,-0.8006101742531802,-3.348613732694805,30.76923076923077,0.8417424364355349
"{""mode"": ""break10"", ""stop"": ""swing5"", ""filters"": [[""upperwick"", 0.5], [""eff"", 0.6], [""slope"", 0.4]], ""slope"": 0}",9,9,26,10,16,38.46153846153847,-1.0817136299363095,-3.6227720847400557,30.76923076923077,0.7966569319571865
"{""mode"": ""break10"", ""stop"": ""signal"", ""filters"": [[""upperwick"", 0.5], [""eff"", 0.6], [""rsi"", [60, 90]]], ""slope"": 0}",9,9,23,9,14,39.130434782608695,-0.4289574528723583,-2.694519838930798,34.78260869565217,0.9111487406476971
"{""mode"": ""break10"", ""stop"": ""swing5"", ""filters"": [[""upperwick"", 0.5], [""eff"", 0.6], [""rsi"", [60, 90]]], ""slope"": 0}",9,9,23,10,13,43.47826086956522,-0.48401273084447416,-2.748377073306807,34.78260869565217,0.900691632147777
"{""mode"": ""break10"", ""stop"": ""signal"", ""filters"": [[""upperwick"", 0.5], [""eff"", 0.6], [""rsi"", [60, 90]], [""slope"", 0.4]], ""slope"": 0}",9,9,23,9,14,39.130434782608695,-0.6514476484599796,-2.9121657346050656,34.78260869565217,0.868492899401331
"{""mode"": ""break10"", ""stop"": ""swing5"", ""filters"": [[""upperwick"", 0.5], [""eff"", 0.6], [""rsi"", [60, 90]], [""slope"", 0.4]], ""slope"": 0}",9,9,23,10,13,43.47826086956522,-0.773754711963015,-3.0318103158236465,34.78260869565217,0.8472979706214637
"{""mode"": ""break10"", ""stop"": ""signal"", ""filters"": [[""upperwick"", 0.5], [""eff"", 0.6], [""rvol"", 1]], ""slope"": 0}",9,9,25,9,16,36.0,-0.4813710080574629,-2.940202078097054,32.0,0.9004722181336805
"{""mode"": ""break10"", ""stop"": ""swing5"", ""filters"": [[""upperwick"", 0.5], [""eff"", 0.6], [""rvol"", 1]], ""slope"": 0}",9,9,25,10,15,40.0,-0.5059601298162075,-2.9642084854895057,32.0,0.8961777893253842
"{""mode"": ""break10"", ""stop"": ""signal"", ""filters"": [[""upperwick"", 0.5], [""eff"", 0.6], [""rvol"", 1], [""slope"", 0.4]], ""slope"": 0}",9,9,25,9,16,36.0,-0.703744086239777,-3.1572984494186773,32.0,0.8587873056063706
"{""mode"": ""break10"", ""stop"": ""swing5"", ""filters"": [[""upperwick"", 0.5], [""eff"", 0.6], [""rvol"", 1], [""slope"", 0.4]], ""slope"": 0}",9,9,25,10,15,40.0,-0.795638210821481,-3.2470127020307493,32.0,0.8433022459853915
"{""mode"": ""break10"", ""stop"": ""signal"", ""filters"": [[""upperwick"", 0.5], [""eff"", 0.6], [""rvol"", 1], [""rsi"", [60, 90]]], ""slope"": 0}",9,9,22,9,13,40.909090909090914,-0.3317284539047449,-2.5019098183166055,36.36363636363637,0.9311537853242916
"{""mode"": ""break10"", ""stop"": ""swing5"", ""filters"": [[""upperwick"", 0.5], [""eff"", 0.6], [""rvol"", 1], [""rsi"", [60, 90]]], ""slope"": 0}",9,9,22,10,12,45.45454545454545,-0.19620873816165174,-2.369208564428915,36.36363636363637,0.9607745540981056
"{""mode"": ""break10"", ""stop"": ""signal"", ""filters"": [[""upperwick"", 0.5], [""eff"", 0.6], [""rvol"", 1], [""rsi"", [60, 90]], [""slope"", 0.4]], ""slope"": 0}",9,9,22,9,13,40.909090909090914,-0.5544359064221571,-2.7199865302242943,36.36363636363637,0.8866500351704624
"{""mode"": ""break10"", ""stop"": ""swing5"", ""filters"": [[""upperwick"", 0.5], [""eff"", 0.6], [""rvol"", 1], [""rsi"", [60, 90]], [""slope"", 0.4]], ""slope"": 0}",9,9,22,10,12,45.45454545454545,-0.48678866402958043,-2.6537468677838127,36.36363636363637,0.900259083582746
"{""mode"": ""break10"", ""stop"": ""signal"", ""filters"": [[""body"", 0.3]], ""slope"": 0}",9,9,38,9,29,23.684210526315788,-3.5036406928864894,-7.106816474404509,21.052631578947366,0.5391307074650512
"{""mode"": ""break10"", ""stop"": ""swing5"", ""filters"": [[""body"", 0.3]], ""slope"": 0}",8,9,36,10,26,27.77777777777778,-3.296787048968808,-6.721027626579968,22.22222222222222,0.5846728314899808
"{""mode"": ""break10"", ""stop"": ""signal"", ""filters"": [[""body"", 0.3], [""slope"", 0.4]], ""slope"": 0}",9,9,37,9,28,24.324324324324326,-3.3807581281231847,-6.895299163283008,21.62162162162162,0.5482227630289382
"{""mode"": ""break10"", ""stop"": ""swing5"", ""filters"": [[""body"", 0.3], [""slope"", 0.4]], ""slope"": 0}",8,9,35,10,25,28.57142857142857,-3.5978718162362866,-6.9186618760827105,22.857142857142858,0.5628406138204699
"{""mode"": ""break10"", ""stop"": ""signal"", ""filters"": [[""body"", 0.3], [""rsi"", [60, 90]]], ""slope"": 0}",9,9,26,9,17,34.61538461538461,-1.5463124763471447,-4.075889295670443,30.76923076923077,0.7300632189659894
"{""mode"": ""break10"", ""stop"": ""swing5"", ""filters"": [[""body"", 0.3], [""rsi"", [60, 90]]], ""slope"": 0}",8,9,24,10,14,41.66666666666667,-0.3843125955263149,-2.748199725220246,33.33333333333333,0.9293349584235067
"{""mode"": ""break10"", ""stop"": ""signal"", ""filters"": [[""body"", 0.3], [""rsi"", [60, 90]], [""slope"", 0.4]], ""slope"": 0}",9,9,26,9,17,34.61538461538461,-1.7663059567116113,-4.290445443550706,30.76923076923077,0.7024205092805093
"{""mode"": ""break10"", ""stop"": ""swing5"", ""filters"": [[""body"", 0.3], [""rsi"", [60, 90]], [""slope"", 0.4]], ""slope"": 0}",8,9,24,10,14,41.66666666666667,-0.6743448547751663,-3.031633484606022,33.33333333333333,0.8785281447525468
"{""mode"": ""break10"", ""stop"": ""signal"", ""filters"": [[""body"", 0.3], [""rvol"", 1]], ""slope"": 0}",9,9,32,9,23,28.125,-2.504634549476248,-5.579033097286546,25.0,0.6225953814211485
"{""mode"": ""break10"", ""stop"": ""swing5"", ""filters"": [[""body"", 0.3], [""rvol"", 1]], ""slope"": 0}",8,9,30,10,20,33.33333333333333,-2.227087966378849,-5.120310274731454,26.666666666666668,0.6779976706085705
"{""mode"": ""break10"", ""stop"": ""signal"", ""filters"": [[""body"", 0.3], [""rvol"", 1], [""slope"", 0.4]], ""slope"": 0}",9,9,32,9,23,28.125,-2.722486671670399,-5.7902271212814105,25.0,0.6023792137020846
"{""mode"": ""break10"", ""stop"": ""swing5"", ""filters"": [[""body"", 0.3], [""rvol"", 1], [""slope"", 0.4]], ""slope"": 0}",8,9,30,10,20,33.33333333333333,-2.511754963207491,-5.396830679209419,26.666666666666668,0.650550157939965
"{""mode"": ""break10"", ""stop"": ""signal"", ""filters"": [[""body"", 0.3], [""rvol"", 1], [""rsi"", [60, 90]]], ""slope"": 0}",9,9,25,9,16,36.0,-1.4501745507241703,-3.8860136082006558,32.0,0.7428508748651805
"{""mode"": ""break10"", ""stop"": ""swing5"", ""filters"": [[""body"", 0.3], [""rvol"", 1], [""rsi"", [60, 90]]], ""slope"": 0}",8,9,23,10,13,43.47826086956522,-0.09622026628767211,-2.3690305248905696,34.78260869565217,0.9859175579147195
"{""mode"": ""break10"", ""stop"": ""signal"", ""filters"": [[""body"", 0.3], [""rvol"", 1], [""rsi"", [60, 90]], [""slope"", 0.4]], ""slope"": 0}",9,9,25,9,16,36.0,-1.6703828500292395,-4.100994456354757,32.0,0.7142502830142506
"{""mode"": ""break10"", ""stop"": ""swing5"", ""filters"": [[""body"", 0.3], [""rvol"", 1], [""rsi"", [60, 90]], [""slope"", 0.4]], ""slope"": 0}",8,9,23,10,13,43.47826086956522,-0.38709130978121786,-2.653569347129592,34.78260869565217,0.9289253575031016
"{""mode"": ""break10"", ""stop"": ""signal"", ""filters"": [[""body"", 0.3], [""eff"", 0.6]], ""slope"": 0}",9,9,27,9,18,33.33333333333333,-0.7525049992573862,-3.398395030833079,29.629629629629626,0.8500352547208044
"{""mode"": ""break10"", ""stop"": ""swing5"", ""filters"": [[""body"", 0.3], [""eff"", 0.6]], ""slope"": 0}",9,9,27,10,17,37.03703703703704,-0.9324506749331274,-3.573719718690982,29.629629629629626,0.8202393559475727
"{""mode"": ""break10"", ""stop"": ""signal"", ""filters"": [[""body"", 0.3], [""eff"", 0.6], [""slope"", 0.4]], ""slope"": 0}",9,9,26,9,17,34.61538461538461,-0.8006101742531802,-3.348613732694805,30.76923076923077,0.8417424364355349
"{""mode"": ""break10"", ""stop"": ""swing5"", ""filters"": [[""body"", 0.3], [""eff"", 0.6], [""slope"", 0.4]], ""slope"": 0}",9,9,26,10,16,38.46153846153847,-1.0817136299363095,-3.6227720847400557,30.76923076923077,0.7966569319571865
"{""mode"": ""break10"", ""stop"": ""signal"", ""filters"": [[""body"", 0.3], [""eff"", 0.6], [""rsi"", [60, 90]]], ""slope"": 0}",9,9,23,9,14,39.130434782608695,-0.4289574528723583,-2.694519838930798,34.78260869565217,0.9111487406476971
"{""mode"": ""break10"", ""stop"": ""swing5"", ""filters"": [[""body"", 0.3], [""eff"", 0.6], [""rsi"", [60, 90]]], ""slope"": 0}",9,9,23,10,13,43.47826086956522,-0.48401273084447416,-2.748377073306807,34.78260869565217,0.900691632147777
"{""mode"": ""break10"", ""stop"": ""signal"", ""filters"": [[""body"", 0.3], [""eff"", 0.6], [""rsi"", [60, 90]], [""slope"", 0.4]], ""slope"": 0}",9,9,23,9,14,39.130434782608695,-0.6514476484599796,-2.9121657346050656,34.78260869565217,0.868492899401331
"{""mode"": ""break10"", ""stop"": ""swing5"", ""filters"": [[""body"", 0.3], [""eff"", 0.6], [""rsi"", [60, 90]], [""slope"", 0.4]], ""slope"": 0}",9,9,23,10,13,43.47826086956522,-0.773754711963015,-3.0318103158236465,34.78260869565217,0.8472979706214637
"{""mode"": ""break10"", ""stop"": ""signal"", ""filters"": [[""body"", 0.3], [""eff"", 0.6], [""rvol"", 1]], ""slope"": 0}",9,9,25,9,16,36.0,-0.4813710080574629,-2.940202078097054,32.0,0.9004722181336805
"{""mode"": ""break10"", ""stop"": ""swing5"", ""filters"": [[""body"", 0.3], [""eff"", 0.6], [""rvol"", 1]], ""slope"": 0}",9,9,25,10,15,40.0,-0.5059601298162075,-2.9642084854895057,32.0,0.8961777893253842
"{""mode"": ""break10"", ""stop"": ""signal"", ""filters"": [[""body"", 0.3], [""eff"", 0.6], [""rvol"", 1], [""slope"", 0.4]], ""slope"": 0}",9,9,25,9,16,36.0,-0.703744086239777,-3.1572984494186773,32.0,0.8587873056063706
"{""mode"": ""break10"", ""stop"": ""swing5"", ""filters"": [[""body"", 0.3], [""eff"", 0.6], [""rvol"", 1], [""slope"", 0.4]], ""slope"": 0}",9,9,25,10,15,40.0,-0.795638210821481,-3.2470127020307493,32.0,0.8433022459853915
"{""mode"": ""break10"", ""stop"": ""signal"", ""filters"": [[""body"", 0.3], [""eff"", 0.6], [""rvol"", 1], [""rsi"", [60, 90]]], ""slope"": 0}",9,9,22,9,13,40.909090909090914,-0.3317284539047449,-2.5019098183166055,36.36363636363637,0.9311537853242916
"{""mode"": ""break10"", ""stop"": ""swing5"", ""filters"": [[""body"", 0.3], [""eff"", 0.6], [""rvol"", 1], [""rsi"", [60, 90]]], ""slope"": 0}",9,9,22,10,12,45.45454545454545,-0.19620873816165174,-2.369208564428915,36.36363636363637,0.9607745540981056
"{""mode"": ""break10"", ""stop"": ""signal"", ""filters"": [[""body"", 0.3], [""eff"", 0.6], [""rvol"", 1], [""rsi"", [60, 90]], [""slope"", 0.4]], ""slope"": 0}",9,9,22,9,13,40.909090909090914,-0.5544359064221571,-2.7199865302242943,36.36363636363637,0.8866500351704624
"{""mode"": ""break10"", ""stop"": ""swing5"", ""filters"": [[""body"", 0.3], [""eff"", 0.6], [""rvol"", 1], [""rsi"", [60, 90]], [""slope"", 0.4]], ""slope"": 0}",9,9,22,10,12,45.45454545454545,-0.48678866402958043,-2.6537468677838127,36.36363636363637,0.900259083582746
"{""mode"": ""break10"", ""stop"": ""signal"", ""filters"": [[""body"", 0.3], [""upperwick"", 0.5]], ""slope"": 0}",9,9,38,9,29,23.684210526315788,-3.5036406928864894,-7.106816474404509,21.052631578947366,0.5391307074650512
"{""mode"": ""break10"", ""stop"": ""swing5"", ""filters"": [[""body"", 0.3], [""upperwick"", 0.5]], ""slope"": 0}",8,9,36,10,26,27.77777777777778,-3.296787048968808,-6.721027626579968,22.22222222222222,0.5846728314899808
"{""mode"": ""break10"", ""stop"": ""signal"", ""filters"": [[""body"", 0.3], [""upperwick"", 0.5], [""slope"", 0.4]], ""slope"": 0}",9,9,36,9,27,25.0,-3.176062817280012,-6.604456269117664,22.22222222222222,0.5640232013312635
"{""mode"": ""break10"", ""stop"": ""swing5"", ""filters"": [[""body"", 0.3], [""upperwick"", 0.5], [""slope"", 0.4]], ""slope"": 0}",8,9,34,10,24,29.411764705882355,-2.8293038972105222,-6.081902161277341,23.52941176470588,0.6221536665387323
"{""mode"": ""break10"", ""stop"": ""signal"", ""filters"": [[""body"", 0.3], [""upperwick"", 0.5], [""rsi"", [60, 90]]], ""slope"": 0}",9,9,26,9,17,34.61538461538461,-1.5463124763471447,-4.075889295670443,30.76923076923077,0.7300632189659894
"{""mode"": ""break10"", ""stop"": ""swing5"", ""filters"": [[""body"", 0.3], [""upperwick"", 0.5], [""rsi"", [60, 90]]], ""slope"": 0}",8,9,24,10,14,41.66666666666667,-0.3843125955263149,-2.748199725220246,33.33333333333333,0.9293349584235067
"{""mode"": ""break10"", ""stop"": ""signal"", ""filters"": [[""body"", 0.3], [""upperwick"", 0.5], [""rsi"", [60, 90]], [""slope"", 0.4]], ""slope"": 0}",9,9,26,9,17,34.61538461538461,-1.7663059567116113,-4.290445443550706,30.76923076923077,0.7024205092805093
"{""mode"": ""break10"", ""stop"": ""swing5"", ""filters"": [[""body"", 0.3], [""upperwick"", 0.5], [""rsi"", [60, 90]], [""slope"", 0.4]], ""slope"": 0}",8,9,24,10,14,41.66666666666667,-0.6743448547751663,-3.031633484606022,33.33333333333333,0.8785281447525468
"{""mode"": ""break10"", ""stop"": ""signal"", ""filters"": [[""body"", 0.3], [""upperwick"", 0.5], [""rvol"", 1]], ""slope"": 0}",9,9,31,9,22,29.03225806451613,-2.2980831033043825,-5.284078416834525,25.806451612903224,0.6430536172814698
"{""mode"": ""break10"", ""stop"": ""swing5"", ""filters"": [[""body"", 0.3], [""upperwick"", 0.5], [""rvol"", 1]], ""slope"": 0}",8,9,29,10,19,34.48275862068966,-1.4475914453525807,-4.267384181107381,27.586206896551722,0.7659610879206931
"{""mode"": ""break10"", ""stop"": ""signal"", ""filters"": [[""body"", 0.3], [""upperwick"", 0.5], [""rvol"", 1], [""slope"", 0.4]], ""slope"": 0}",9,9,31,9,22,29.03225806451613,-2.5163967620103755,-5.495932174232953,25.806451612903224,0.6215100172087529
"{""mode"": ""break10"", ""stop"": ""swing5"", ""filters"": [[""body"", 0.3], [""upperwick"", 0.5], [""rvol"", 1], [""slope"", 0.4]], ""slope"": 0}",8,9,29,10,19,34.48275862068966,-1.734527955577736,-4.546390380691556,27.586206896551722,0.7311125201188563
"{""mode"": ""break10"", ""stop"": ""signal"", ""filters"": [[""body"", 0.3], [""upperwick"", 0.5], [""rvol"", 1], [""rsi"", [60, 90]]], ""slope"": 0}",9,9,25,9,16,36.0,-1.4501745507241703,-3.8860136082006558,32.0,0.7428508748651805
"{""mode"": ""break10"", ""stop"": ""swing5"", ""filters"": [[""body"", 0.3], [""upperwick"", 0.5], [""rvol"", 1], [""rsi"", [60, 90]]], ""slope"": 0}",8,9,23,10,13,43.47826086956522,-0.09622026628767211,-2.3690305248905696,34.78260869565217,0.9859175579147195
"{""mode"": ""break10"", ""stop"": ""signal"", ""filters"": [[""body"", 0.3], [""upperwick"", 0.5], [""rvol"", 1], [""rsi"", [60, 90]], [""slope"", 0.4]], ""slope"": 0}",9,9,25,9,16,36.0,-1.6703828500292395,-4.100994456354757,32.0,0.7142502830142506
"{""mode"": ""break10"", ""stop"": ""swing5"", ""filters"": [[""body"", 0.3], [""upperwick"", 0.5], [""rvol"", 1], [""rsi"", [60, 90]], [""slope"", 0.4]], ""slope"": 0}",8,9,23,10,13,43.47826086956522,-0.38709130978121786,-2.653569347129592,34.78260869565217,0.9289253575031016
"{""mode"": ""break10"", ""stop"": ""signal"", ""filters"": [[""body"", 0.3], [""upperwick"", 0.5], [""eff"", 0.6]], ""slope"": 0}",9,9,27,9,18,33.33333333333333,-0.7525049992573862,-3.398395030833079,29.629629629629626,0.8500352547208044
"{""mode"": ""break10"", ""stop"": ""swing5"", ""filters"": [[""body"", 0.3], [""upperwick"", 0.5], [""eff"", 0.6]], ""slope"": 0}",9,9,27,10,17,37.03703703703704,-0.9324506749331274,-3.573719718690982,29.629629629629626,0.8202393559475727
"{""mode"": ""break10"", ""stop"": ""signal"", ""filters"": [[""body"", 0.3], [""upperwick"", 0.5], [""eff"", 0.6], [""slope"", 0.4]], ""slope"": 0}",9,9,26,9,17,34.61538461538461,-0.8006101742531802,-3.348613732694805,30.76923076923077,0.8417424364355349
"{""mode"": ""break10"", ""stop"": ""swing5"", ""filters"": [[""body"", 0.3], [""upperwick"", 0.5], [""eff"", 0.6], [""slope"", 0.4]], ""slope"": 0}",9,9,26,10,16,38.46153846153847,-1.0817136299363095,-3.6227720847400557,30.76923076923077,0.7966569319571865
"{""mode"": ""break10"", ""stop"": ""signal"", ""filters"": [[""body"", 0.3], [""upperwick"", 0.5], [""eff"", 0.6], [""rsi"", [60, 90]]], ""slope"": 0}",9,9,23,9,14,39.130434782608695,-0.4289574528723583,-2.694519838930798,34.78260869565217,0.9111487406476971
"{""mode"": ""break10"", ""stop"": ""swing5"", ""filters"": [[""body"", 0.3], [""upperwick"", 0.5], [""eff"", 0.6], [""rsi"", [60, 90]]], ""slope"": 0}",9,9,23,10,13,43.47826086956522,-0.48401273084447416,-2.748377073306807,34.78260869565217,0.900691632147777
"{""mode"": ""break10"", ""stop"": ""signal"", ""filters"": [[""body"", 0.3], [""upperwick"", 0.5], [""eff"", 0.6], [""rsi"", [60, 90]], [""slope"", 0.4]], ""slope"": 0}",9,9,23,9,14,39.130434782608695,-0.6514476484599796,-2.9121657346050656,34.78260869565217,0.868492899401331
"{""mode"": ""break10"", ""stop"": ""swing5"", ""filters"": [[""body"", 0.3], [""upperwick"", 0.5], [""eff"", 0.6], [""rsi"", [60, 90]], [""slope"", 0.4]], ""slope"": 0}",9,9,23,10,13,43.47826086956522,-0.773754711963015,-3.0318103158236465,34.78260869565217,0.8472979706214637
"{""mode"": ""break10"", ""stop"": ""signal"", ""filters"": [[""body"", 0.3], [""upperwick"", 0.5], [""eff"", 0.6], [""rvol"", 1]], ""slope"": 0}",9,9,25,9,16,36.0,-0.4813710080574629,-2.940202078097054,32.0,0.9004722181336805
"{""mode"": ""break10"", ""stop"": ""swing5"", ""filters"": [[""body"", 0.3], [""upperwick"", 0.5], [""eff"", 0.6], [""rvol"", 1]], ""slope"": 0}",9,9,25,10,15,40.0,-0.5059601298162075,-2.9642084854895057,32.0,0.8961777893253842
"{""mode"": ""break10"", ""stop"": ""signal"", ""filters"": [[""body"", 0.3], [""upperwick"", 0.5], [""eff"", 0.6], [""rvol"", 1], [""slope"", 0.4]], ""slope"": 0}",9,9,25,9,16,36.0,-0.703744086239777,-3.1572984494186773,32.0,0.8587873056063706
"{""mode"": ""break10"", ""stop"": ""swing5"", ""filters"": [[""body"", 0.3], [""upperwick"", 0.5], [""eff"", 0.6], [""rvol"", 1], [""slope"", 0.4]], ""slope"": 0}",9,9,25,10,15,40.0,-0.795638210821481,-3.2470127020307493,32.0,0.8433022459853915
"{""mode"": ""break10"", ""stop"": ""signal"", ""filters"": [[""body"", 0.3], [""upperwick"", 0.5], [""eff"", 0.6], [""rvol"", 1], [""rsi"", [60, 90]]], ""slope"": 0}",9,9,22,9,13,40.909090909090914,-0.3317284539047449,-2.5019098183166055,36.36363636363637,0.9311537853242916
"{""mode"": ""break10"", ""stop"": ""swing5"", ""filters"": [[""body"", 0.3], [""upperwick"", 0.5], [""eff"", 0.6], [""rvol"", 1], [""rsi"", [60, 90]]], ""slope"": 0}",9,9,22,10,12,45.45454545454545,-0.19620873816165174,-2.369208564428915,36.36363636363637,0.9607745540981056
"{""mode"": ""break10"", ""stop"": ""signal"", ""filters"": [[""body"", 0.3], [""upperwick"", 0.5], [""eff"", 0.6], [""rvol"", 1], [""rsi"", [60, 90]], [""slope"", 0.4]], ""slope"": 0}",9,9,22,9,13,40.909090909090914,-0.5544359064221571,-2.7199865302242943,36.36363636363637,0.8866500351704624
"{""mode"": ""break10"", ""stop"": ""swing5"", ""filters"": [[""body"", 0.3], [""upperwick"", 0.5], [""eff"", 0.6], [""rvol"", 1], [""rsi"", [60, 90]], [""slope"", 0.4]], ""slope"": 0}",9,9,22,10,12,45.45454545454545,-0.48678866402958043,-2.6537468677838127,36.36363636363637,0.900259083582746
"{""mode"": ""break10"", ""stop"": ""signal"", ""filters"": [[""bull"", true]], ""slope"": 0}",9,9,38,9,29,23.684210526315788,-3.5036406928864894,-7.106816474404509,21.052631578947366,0.5391307074650512
"{""mode"": ""break10"", ""stop"": ""swing5"", ""filters"": [[""bull"", true]], ""slope"": 0}",8,9,36,10,26,27.77777777777778,-3.296787048968808,-6.721027626579968,22.22222222222222,0.5846728314899808
"{""mode"": ""break10"", ""stop"": ""signal"", ""filters"": [[""bull"", true], [""slope"", 0.4]], ""slope"": 0}",9,9,37,9,28,24.324324324324326,-3.3807581281231847,-6.895299163283008,21.62162162162162,0.5482227630289382
"{""mode"": ""break10"", ""stop"": ""swing5"", ""filters"": [[""bull"", true], [""slope"", 0.4]], ""slope"": 0}",8,9,35,10,25,28.57142857142857,-3.5978718162362866,-6.9186618760827105,22.857142857142858,0.5628406138204699
"{""mode"": ""break10"", ""stop"": ""signal"", ""filters"": [[""bull"", true], [""rsi"", [60, 90]]], ""slope"": 0}",9,9,26,9,17,34.61538461538461,-1.5463124763471447,-4.075889295670443,30.76923076923077,0.7300632189659894
"{""mode"": ""break10"", ""stop"": ""swing5"", ""filters"": [[""bull"", true], [""rsi"", [60, 90]]], ""slope"": 0}",8,9,24,10,14,41.66666666666667,-0.3843125955263149,-2.748199725220246,33.33333333333333,0.9293349584235067
"{""mode"": ""break10"", ""stop"": ""signal"", ""filters"": [[""bull"", true], [""rsi"", [60, 90]], [""slope"", 0.4]], ""slope"": 0}",9,9,26,9,17,34.61538461538461,-1.7663059567116113,-4.290445443550706,30.76923076923077,0.7024205092805093
"{""mode"": ""break10"", ""stop"": ""swing5"", ""filters"": [[""bull"", true], [""rsi"", [60, 90]], [""slope"", 0.4]], ""slope"": 0}",8,9,24,10,14,41.66666666666667,-0.6743448547751663,-3.031633484606022,33.33333333333333,0.8785281447525468
"{""mode"": ""break10"", ""stop"": ""signal"", ""filters"": [[""bull"", true], [""rvol"", 1]], ""slope"": 0}",9,9,32,9,23,28.125,-2.504634549476248,-5.579033097286546,25.0,0.6225953814211485
"{""mode"": ""break10"", ""stop"": ""swing5"", ""filters"": [[""bull"", true], [""rvol"", 1]], ""slope"": 0}",8,9,30,10,20,33.33333333333333,-2.227087966378849,-5.120310274731454,26.666666666666668,0.6779976706085705
"{""mode"": ""break10"", ""stop"": ""signal"", ""filters"": [[""bull"", true], [""rvol"", 1], [""slope"", 0.4]], ""slope"": 0}",9,9,32,9,23,28.125,-2.722486671670399,-5.7902271212814105,25.0,0.6023792137020846
"{""mode"": ""break10"", ""stop"": ""swing5"", ""filters"": [[""bull"", true], [""rvol"", 1], [""slope"", 0.4]], ""slope"": 0}",8,9,30,10,20,33.33333333333333,-2.511754963207491,-5.396830679209419,26.666666666666668,0.650550157939965
"{""mode"": ""break10"", ""stop"": ""signal"", ""filters"": [[""bull"", true], [""rvol"", 1], [""rsi"", [60, 90]]], ""slope"": 0}",9,9,25,9,16,36.0,-1.4501745507241703,-3.8860136082006558,32.0,0.7428508748651805
"{""mode"": ""break10"", ""stop"": ""swing5"", ""filters"": [[""bull"", true], [""rvol"", 1], [""rsi"", [60, 90]]], ""slope"": 0}",8,9,23,10,13,43.47826086956522,-0.09622026628767211,-2.3690305248905696,34.78260869565217,0.9859175579147195
"{""mode"": ""break10"", ""stop"": ""signal"", ""filters"": [[""bull"", true], [""rvol"", 1], [""rsi"", [60, 90]], [""slope"", 0.4]], ""slope"": 0}",9,9,25,9,16,36.0,-1.6703828500292395,-4.100994456354757,32.0,0.7142502830142506
"{""mode"": ""break10"", ""stop"": ""swing5"", ""filters"": [[""bull"", true], [""rvol"", 1], [""rsi"", [60, 90]], [""slope"", 0.4]], ""slope"": 0}",8,9,23,10,13,43.47826086956522,-0.38709130978121786,-2.653569347129592,34.78260869565217,0.9289253575031016
"{""mode"": ""break10"", ""stop"": ""signal"", ""filters"": [[""bull"", true], [""eff"", 0.6]], ""slope"": 0}",9,9,27,9,18,33.33333333333333,-0.7525049992573862,-3.398395030833079,29.629629629629626,0.8500352547208044
"{""mode"": ""break10"", ""stop"": ""swing5"", ""filters"": [[""bull"", true], [""eff"", 0.6]], ""slope"": 0}",9,9,27,10,17,37.03703703703704,-0.9324506749331274,-3.573719718690982,29.629629629629626,0.8202393559475727
"{""mode"": ""break10"", ""stop"": ""signal"", ""filters"": [[""bull"", true], [""eff"", 0.6], [""slope"", 0.4]], ""slope"": 0}",9,9,26,9,17,34.61538461538461,-0.8006101742531802,-3.348613732694805,30.76923076923077,0.8417424364355349
"{""mode"": ""break10"", ""stop"": ""swing5"", ""filters"": [[""bull"", true], [""eff"", 0.6], [""slope"", 0.4]], ""slope"": 0}",9,9,26,10,16,38.46153846153847,-1.0817136299363095,-3.6227720847400557,30.76923076923077,0.7966569319571865
"{""mode"": ""break10"", ""stop"": ""signal"", ""filters"": [[""bull"", true], [""eff"", 0.6], [""rsi"", [60, 90]]], ""slope"": 0}",9,9,23,9,14,39.130434782608695,-0.4289574528723583,-2.694519838930798,34.78260869565217,0.9111487406476971
"{""mode"": ""break10"", ""stop"": ""swing5"", ""filters"": [[""bull"", true], [""eff"", 0.6], [""rsi"", [60, 90]]], ""slope"": 0}",9,9,23,10,13,43.47826086956522,-0.48401273084447416,-2.748377073306807,34.78260869565217,0.900691632147777
"{""mode"": ""break10"", ""stop"": ""signal"", ""filters"": [[""bull"", true], [""eff"", 0.6], [""rsi"", [60, 90]], [""slope"", 0.4]], ""slope"": 0}",9,9,23,9,14,39.130434782608695,-0.6514476484599796,-2.9121657346050656,34.78260869565217,0.868492899401331
"{""mode"": ""break10"", ""stop"": ""swing5"", ""filters"": [[""bull"", true], [""eff"", 0.6], [""rsi"", [60, 90]], [""slope"", 0.4]], ""slope"": 0}",9,9,23,10,13,43.47826086956522,-0.773754711963015,-3.0318103158236465,34.78260869565217,0.8472979706214637
"{""mode"": ""break10"", ""stop"": ""signal"", ""filters"": [[""bull"", true], [""eff"", 0.6], [""rvol"", 1]], ""slope"": 0}",9,9,25,9,16,36.0,-0.4813710080574629,-2.940202078097054,32.0,0.9004722181336805
"{""mode"": ""break10"", ""stop"": ""swing5"", ""filters"": [[""bull"", true], [""eff"", 0.6], [""rvol"", 1]], ""slope"": 0}",9,9,25,10,15,40.0,-0.5059601298162075,-2.9642084854895057,32.0,0.8961777893253842
"{""mode"": ""break10"", ""stop"": ""signal"", ""filters"": [[""bull"", true], [""eff"", 0.6], [""rvol"", 1], [""slope"", 0.4]], ""slope"": 0}",9,9,25,9,16,36.0,-0.703744086239777,-3.1572984494186773,32.0,0.8587873056063706
"{""mode"": ""break10"", ""stop"": ""swing5"", ""filters"": [[""bull"", true], [""eff"", 0.6], [""rvol"", 1], [""slope"", 0.4]], ""slope"": 0}",9,9,25,10,15,40.0,-0.795638210821481,-3.2470127020307493,32.0,0.8433022459853915
"{""mode"": ""break10"", ""stop"": ""signal"", ""filters"": [[""bull"", true], [""eff"", 0.6], [""rvol"", 1], [""rsi"", [60, 90]]], ""slope"": 0}",9,9,22,9,13,40.909090909090914,-0.3317284539047449,-2.5019098183166055,36.36363636363637,0.9311537853242916
"{""mode"": ""break10"", ""stop"": ""swing5"", ""filters"": [[""bull"", true], [""eff"", 0.6], [""rvol"", 1], [""rsi"", [60, 90]]], ""slope"": 0}",9,9,22,10,12,45.45454545454545,-0.19620873816165174,-2.369208564428915,36.36363636363637,0.9607745540981056
"{""mode"": ""break10"", ""stop"": ""signal"", ""filters"": [[""bull"", true], [""eff"", 0.6], [""rvol"", 1], [""rsi"", [60, 90]], [""slope"", 0.4]], ""slope"": 0}",9,9,22,9,13,40.909090909090914,-0.5544359064221571,-2.7199865302242943,36.36363636363637,0.8866500351704624
"{""mode"": ""break10"", ""stop"": ""swing5"", ""filters"": [[""bull"", true], [""eff"", 0.6], [""rvol"", 1], [""rsi"", [60, 90]], [""slope"", 0.4]], ""slope"": 0}",9,9,22,10,12,45.45454545454545,-0.48678866402958043,-2.6537468677838127,36.36363636363637,0.900259083582746
"{""mode"": ""break10"", ""stop"": ""signal"", ""filters"": [[""bull"", true], [""upperwick"", 0.5]], ""slope"": 0}",9,9,38,9,29,23.684210526315788,-3.5036406928864894,-7.106816474404509,21.052631578947366,0.5391307074650512
"{""mode"": ""break10"", ""stop"": ""swing5"", ""filters"": [[""bull"", true], [""upperwick"", 0.5]], ""slope"": 0}",8,9,36,10,26,27.77777777777778,-3.296787048968808,-6.721027626579968,22.22222222222222,0.5846728314899808
"{""mode"": ""break10"", ""stop"": ""signal"", ""filters"": [[""bull"", true], [""upperwick"", 0.5], [""slope"", 0.4]], ""slope"": 0}",9,9,36,9,27,25.0,-3.176062817280012,-6.604456269117664,22.22222222222222,0.5640232013312635
"{""mode"": ""break10"", ""stop"": ""swing5"", ""filters"": [[""bull"", true], [""upperwick"", 0.5], [""slope"", 0.4]], ""slope"": 0}",8,9,34,10,24,29.411764705882355,-2.8293038972105222,-6.081902161277341,23.52941176470588,0.6221536665387323
"{""mode"": ""break10"", ""stop"": ""signal"", ""filters"": [[""bull"", true], [""upperwick"", 0.5], [""rsi"", [60, 90]]], ""slope"": 0}",9,9,26,9,17,34.61538461538461,-1.5463124763471447,-4.075889295670443,30.76923076923077,0.7300632189659894
"{""mode"": ""break10"", ""stop"": ""swing5"", ""filters"": [[""bull"", true], [""upperwick"", 0.5], [""rsi"", [60, 90]]], ""slope"": 0}",8,9,24,10,14,41.66666666666667,-0.3843125955263149,-2.748199725220246,33.33333333333333,0.9293349584235067
"{""mode"": ""break10"", ""stop"": ""signal"", ""filters"": [[""bull"", true], [""upperwick"", 0.5], [""rsi"", [60, 90]], [""slope"", 0.4]], ""slope"": 0}",9,9,26,9,17,34.61538461538461,-1.7663059567116113,-4.290445443550706,30.76923076923077,0.7024205092805093
"{""mode"": ""break10"", ""stop"": ""swing5"", ""filters"": [[""bull"", true], [""upperwick"", 0.5], [""rsi"", [60, 90]], [""slope"", 0.4]], ""slope"": 0}",8,9,24,10,14,41.66666666666667,-0.6743448547751663,-3.031633484606022,33.33333333333333,0.8785281447525468
"{""mode"": ""break10"", ""stop"": ""signal"", ""filters"": [[""bull"", true], [""upperwick"", 0.5], [""rvol"", 1]], ""slope"": 0}",9,9,31,9,22,29.03225806451613,-2.2980831033043825,-5.284078416834525,25.806451612903224,0.6430536172814698
"{""mode"": ""break10"", ""stop"": ""swing5"", ""filters"": [[""bull"", true], [""upperwick"", 0.5], [""rvol"", 1]], ""slope"": 0}",8,9,29,10,19,34.48275862068966,-1.4475914453525807,-4.267384181107381,27.586206896551722,0.7659610879206931
"{""mode"": ""break10"", ""stop"": ""signal"", ""filters"": [[""bull"", true], [""upperwick"", 0.5], [""rvol"", 1], [""slope"", 0.4]], ""slope"": 0}",9,9,31,9,22,29.03225806451613,-2.5163967620103755,-5.495932174232953,25.806451612903224,0.6215100172087529
"{""mode"": ""break10"", ""stop"": ""swing5"", ""filters"": [[""bull"", true], [""upperwick"", 0.5], [""rvol"", 1], [""slope"", 0.4]], ""slope"": 0}",8,9,29,10,19,34.48275862068966,-1.734527955577736,-4.546390380691556,27.586206896551722,0.7311125201188563
"{""mode"": ""break10"", ""stop"": ""signal"", ""filters"": [[""bull"", true], [""upperwick"", 0.5], [""rvol"", 1], [""rsi"", [60, 90]]], ""slope"": 0}",9,9,25,9,16,36.0,-1.4501745507241703,-3.8860136082006558,32.0,0.7428508748651805
"{""mode"": ""break10"", ""stop"": ""swing5"", ""filters"": [[""bull"", true], [""upperwick"", 0.5], [""rvol"", 1], [""rsi"", [60, 90]]], ""slope"": 0}",8,9,23,10,13,43.47826086956522,-0.09622026628767211,-2.3690305248905696,34.78260869565217,0.9859175579147195
"{""mode"": ""break10"", ""stop"": ""signal"", ""filters"": [[""bull"", true], [""upperwick"", 0.5], [""rvol"", 1], [""rsi"", [60, 90]], [""slope"", 0.4]], ""slope"": 0}",9,9,25,9,16,36.0,-1.6703828500292395,-4.100994456354757,32.0,0.7142502830142506
"{""mode"": ""break10"", ""stop"": ""swing5"", ""filters"": [[""bull"", true], [""upperwick"", 0.5], [""rvol"", 1], [""rsi"", [60, 90]], [""slope"", 0.4]], ""slope"": 0}",8,9,23,10,13,43.47826086956522,-0.38709130978121786,-2.653569347129592,34.78260869565217,0.9289253575031016
"{""mode"": ""break10"", ""stop"": ""signal"", ""filters"": [[""bull"", true], [""upperwick"", 0.5], [""eff"", 0.6]], ""slope"": 0}",9,9,27,9,18,33.33333333333333,-0.7525049992573862,-3.398395030833079,29.629629629629626,0.8500352547208044
"{""mode"": ""break10"", ""stop"": ""swing5"", ""filters"": [[""bull"", true], [""upperwick"", 0.5], [""eff"", 0.6]], ""slope"": 0}",9,9,27,10,17,37.03703703703704,-0.9324506749331274,-3.573719718690982,29.629629629629626,0.8202393559475727
"{""mode"": ""break10"", ""stop"": ""signal"", ""filters"": [[""bull"", true], [""upperwick"", 0.5], [""eff"", 0.6], [""slope"", 0.4]], ""slope"": 0}",9,9,26,9,17,34.61538461538461,-0.8006101742531802,-3.348613732694805,30.76923076923077,0.8417424364355349
"{""mode"": ""break10"", ""stop"": ""swing5"", ""filters"": [[""bull"", true], [""upperwick"", 0.5], [""eff"", 0.6], [""slope"", 0.4]], ""slope"": 0}",9,9,26,10,16,38.46153846153847,-1.0817136299363095,-3.6227720847400557,30.76923076923077,0.7966569319571865
"{""mode"": ""break10"", ""stop"": ""signal"", ""filters"": [[""bull"", true], [""upperwick"", 0.5], [""eff"", 0.6], [""rsi"", [60, 90]]], ""slope"": 0}",9,9,23,9,14,39.130434782608695,-0.4289574528723583,-2.694519838930798,34.78260869565217,0.9111487406476971
"{""mode"": ""break10"", ""stop"": ""swing5"", ""filters"": [[""bull"", true], [""upperwick"", 0.5], [""eff"", 0.6], [""rsi"", [60, 90]]], ""slope"": 0}",9,9,23,10,13,43.47826086956522,-0.48401273084447416,-2.748377073306807,34.78260869565217,0.900691632147777
"{""mode"": ""break10"", ""stop"": ""signal"", ""filters"": [[""bull"", true], [""upperwick"", 0.5], [""eff"", 0.6], [""rsi"", [60, 90]], [""slope"", 0.4]], ""slope"": 0}",9,9,23,9,14,39.130434782608695,-0.6514476484599796,-2.9121657346050656,34.78260869565217,0.868492899401331
"{""mode"": ""break10"", ""stop"": ""swing5"", ""filters"": [[""bull"", true], [""upperwick"", 0.5], [""eff"", 0.6], [""rsi"", [60, 90]], [""slope"", 0.4]], ""slope"": 0}",9,9,23,10,13,43.47826086956522,-0.773754711963015,-3.0318103158236465,34.78260869565217,0.8472979706214637
"{""mode"": ""break10"", ""stop"": ""signal"", ""filters"": [[""bull"", true], [""upperwick"", 0.5], [""eff"", 0.6], [""rvol"", 1]], ""slope"": 0}",9,9,25,9,16,36.0,-0.4813710080574629,-2.940202078097054,32.0,0.9004722181336805
"{""mode"": ""break10"", ""stop"": ""swing5"", ""filters"": [[""bull"", true], [""upperwick"", 0.5], [""eff"", 0.6], [""rvol"", 1]], ""slope"": 0}",9,9,25,10,15,40.0,-0.5059601298162075,-2.9642084854895057,32.0,0.8961777893253842
"{""mode"": ""break10"", ""stop"": ""signal"", ""filters"": [[""bull"", true], [""upperwick"", 0.5], [""eff"", 0.6], [""rvol"", 1], [""slope"", 0.4]], ""slope"": 0}",9,9,25,9,16,36.0,-0.703744086239777,-3.1572984494186773,32.0,0.8587873056063706
"{""mode"": ""break10"", ""stop"": ""swing5"", ""filters"": [[""bull"", true], [""upperwick"", 0.5], [""eff"", 0.6], [""rvol"", 1], [""slope"", 0.4]], ""slope"": 0}",9,9,25,10,15,40.0,-0.795638210821481,-3.2470127020307493,32.0,0.8433022459853915
"{""mode"": ""break10"", ""stop"": ""signal"", ""filters"": [[""bull"", true], [""upperwick"", 0.5], [""eff"", 0.6], [""rvol"", 1], [""rsi"", [60, 90]]], ""slope"": 0}",9,9,22,9,13,40.909090909090914,-0.3317284539047449,-2.5019098183166055,36.36363636363637,0.9311537853242916
"{""mode"": ""break10"", ""stop"": ""swing5"", ""filters"": [[""bull"", true], [""upperwick"", 0.5], [""eff"", 0.6], [""rvol"", 1], [""rsi"", [60, 90]]], ""slope"": 0}",9,9,22,10,12,45.45454545454545,-0.19620873816165174,-2.369208564428915,36.36363636363637,0.9607745540981056
"{""mode"": ""break10"", ""stop"": ""signal"", ""filters"": [[""bull"", true], [""upperwick"", 0.5], [""eff"", 0.6], [""rvol"", 1], [""rsi"", [60, 90]], [""slope"", 0.4]], ""slope"": 0}",9,9,22,9,13,40.909090909090914,-0.5544359064221571,-2.7199865302242943,36.36363636363637,0.8866500351704624
"{""mode"": ""break10"", ""stop"": ""swing5"", ""filters"": [[""bull"", true], [""upperwick"", 0.5], [""eff"", 0.6], [""rvol"", 1], [""rsi"", [60, 90]], [""slope"", 0.4]], ""slope"": 0}",9,9,22,10,12,45.45454545454545,-0.48678866402958043,-2.6537468677838127,36.36363636363637,0.900259083582746
"{""mode"": ""break10"", ""stop"": ""signal"", ""filters"": [[""bull"", true], [""body"", 0.3]], ""slope"": 0}",9,9,38,9,29,23.684210526315788,-3.5036406928864894,-7.106816474404509,21.052631578947366,0.5391307074650512
"{""mode"": ""break10"", ""stop"": ""swing5"", ""filters"": [[""bull"", true], [""body"", 0.3]], ""slope"": 0}",8,9,36,10,26,27.77777777777778,-3.296787048968808,-6.721027626579968,22.22222222222222,0.5846728314899808
"{""mode"": ""break10"", ""stop"": ""signal"", ""filters"": [[""bull"", true], [""body"", 0.3], [""slope"", 0.4]], ""slope"": 0}",9,9,37,9,28,24.324324324324326,-3.3807581281231847,-6.895299163283008,21.62162162162162,0.5482227630289382
"{""mode"": ""break10"", ""stop"": ""swing5"", ""filters"": [[""bull"", true], [""body"", 0.3], [""slope"", 0.4]], ""slope"": 0}",8,9,35,10,25,28.57142857142857,-3.5978718162362866,-6.9186618760827105,22.857142857142858,0.5628406138204699
"{""mode"": ""break10"", ""stop"": ""signal"", ""filters"": [[""bull"", true], [""body"", 0.3], [""rsi"", [60, 90]]], ""slope"": 0}",9,9,26,9,17,34.61538461538461,-1.5463124763471447,-4.075889295670443,30.76923076923077,0.7300632189659894
"{""mode"": ""break10"", ""stop"": ""swing5"", ""filters"": [[""bull"", true], [""body"", 0.3], [""rsi"", [60, 90]]], ""slope"": 0}",8,9,24,10,14,41.66666666666667,-0.3843125955263149,-2.748199725220246,33.33333333333333,0.9293349584235067
"{""mode"": ""break10"", ""stop"": ""signal"", ""filters"": [[""bull"", true], [""body"", 0.3], [""rsi"", [60, 90]], [""slope"", 0.4]], ""slope"": 0}",9,9,26,9,17,34.61538461538461,-1.7663059567116113,-4.290445443550706,30.76923076923077,0.7024205092805093
"{""mode"": ""break10"", ""stop"": ""swing5"", ""filters"": [[""bull"", true], [""body"", 0.3], [""rsi"", [60, 90]], [""slope"", 0.4]], ""slope"": 0}",8,9,24,10,14,41.66666666666667,-0.6743448547751663,-3.031633484606022,33.33333333333333,0.8785281447525468
"{""mode"": ""break10"", ""stop"": ""signal"", ""filters"": [[""bull"", true], [""body"", 0.3], [""rvol"", 1]], ""slope"": 0}",9,9,32,9,23,28.125,-2.504634549476248,-5.579033097286546,25.0,0.6225953814211485
"{""mode"": ""break10"", ""stop"": ""swing5"", ""filters"": [[""bull"", true], [""body"", 0.3], [""rvol"", 1]], ""slope"": 0}",8,9,30,10,20,33.33333333333333,-2.227087966378849,-5.120310274731454,26.666666666666668,0.6779976706085705
"{""mode"": ""break10"", ""stop"": ""signal"", ""filters"": [[""bull"", true], [""body"", 0.3], [""rvol"", 1], [""slope"", 0.4]], ""slope"": 0}",9,9,32,9,23,28.125,-2.722486671670399,-5.7902271212814105,25.0,0.6023792137020846
"{""mode"": ""break10"", ""stop"": ""swing5"", ""filters"": [[""bull"", true], [""body"", 0.3], [""rvol"", 1], [""slope"", 0.4]], ""slope"": 0}",8,9,30,10,20,33.33333333333333,-2.511754963207491,-5.396830679209419,26.666666666666668,0.650550157939965
"{""mode"": ""break10"", ""stop"": ""signal"", ""filters"": [[""bull"", true], [""body"", 0.3], [""rvol"", 1], [""rsi"", [60, 90]]], ""slope"": 0}",9,9,25,9,16,36.0,-1.4501745507241703,-3.8860136082006558,32.0,0.7428508748651805
"{""mode"": ""break10"", ""stop"": ""swing5"", ""filters"": [[""bull"", true], [""body"", 0.3], [""rvol"", 1], [""rsi"", [60, 90]]], ""slope"": 0}",8,9,23,10,13,43.47826086956522,-0.09622026628767211,-2.3690305248905696,34.78260869565217,0.9859175579147195
"{""mode"": ""break10"", ""stop"": ""signal"", ""filters"": [[""bull"", true], [""body"", 0.3], [""rvol"", 1], [""rsi"", [60, 90]], [""slope"", 0.4]], ""slope"": 0}",9,9,25,9,16,36.0,-1.6703828500292395,-4.100994456354757,32.0,0.7142502830142506
"{""mode"": ""break10"", ""stop"": ""swing5"", ""filters"": [[""bull"", true], [""body"", 0.3], [""rvol"", 1], [""rsi"", [60, 90]], [""slope"", 0.4]], ""slope"": 0}",8,9,23,10,13,43.47826086956522,-0.38709130978121786,-2.653569347129592,34.78260869565217,0.9289253575031016
"{""mode"": ""break10"", ""stop"": ""signal"", ""filters"": [[""bull"", true], [""body"", 0.3], [""eff"", 0.6]], ""slope"": 0}",9,9,27,9,18,33.33333333333333,-0.7525049992573862,-3.398395030833079,29.629629629629626,0.8500352547208044
"{""mode"": ""break10"", ""stop"": ""swing5"", ""filters"": [[""bull"", true], [""body"", 0.3], [""eff"", 0.6]], ""slope"": 0}",9,9,27,10,17,37.03703703703704,-0.9324506749331274,-3.573719718690982,29.629629629629626,0.8202393559475727
"{""mode"": ""break10"", ""stop"": ""signal"", ""filters"": [[""bull"", true], [""body"", 0.3], [""eff"", 0.6], [""slope"", 0.4]], ""slope"": 0}",9,9,26,9,17,34.61538461538461,-0.8006101742531802,-3.348613732694805,30.76923076923077,0.8417424364355349
"{""mode"": ""break10"", ""stop"": ""swing5"", ""filters"": [[""bull"", true], [""body"", 0.3], [""eff"", 0.6], [""slope"", 0.4]], ""slope"": 0}",9,9,26,10,16,38.46153846153847,-1.0817136299363095,-3.6227720847400557,30.76923076923077,0.7966569319571865
"{""mode"": ""break10"", ""stop"": ""signal"", ""filters"": [[""bull"", true], [""body"", 0.3], [""eff"", 0.6], [""rsi"", [60, 90]]], ""slope"": 0}",9,9,23,9,14,39.130434782608695,-0.4289574528723583,-2.694519838930798,34.78260869565217,0.9111487406476971
"{""mode"": ""break10"", ""stop"": ""swing5"", ""filters"": [[""bull"", true], [""body"", 0.3], [""eff"", 0.6], [""rsi"", [60, 90]]], ""slope"": 0}",9,9,23,10,13,43.47826086956522,-0.48401273084447416,-2.748377073306807,34.78260869565217,0.900691632147777
"{""mode"": ""break10"", ""stop"": ""signal"", ""filters"": [[""bull"", true], [""body"", 0.3], [""eff"", 0.6], [""rsi"", [60, 90]], [""slope"", 0.4]], ""slope"": 0}",9,9,23,9,14,39.130434782608695,-0.6514476484599796,-2.9121657346050656,34.78260869565217,0.868492899401331
"{""mode"": ""break10"", ""stop"": ""swing5"", ""filters"": [[""bull"", true], [""body"", 0.3], [""eff"", 0.6], [""rsi"", [60, 90]], [""slope"", 0.4]], ""slope"": 0}",9,9,23,10,13,43.47826086956522,-0.773754711963015,-3.0318103158236465,34.78260869565217,0.8472979706214637
"{""mode"": ""break10"", ""stop"": ""signal"", ""filters"": [[""bull"", true], [""body"", 0.3], [""eff"", 0.6], [""rvol"", 1]], ""slope"": 0}",9,9,25,9,16,36.0,-0.4813710080574629,-2.940202078097054,32.0,0.9004722181336805
"{""mode"": ""break10"", ""stop"": ""swing5"", ""filters"": [[""bull"", true], [""body"", 0.3], [""eff"", 0.6], [""rvol"", 1]], ""slope"": 0}",9,9,25,10,15,40.0,-0.5059601298162075,-2.9642084854895057,32.0,0.8961777893253842
"{""mode"": ""break10"", ""stop"": ""signal"", ""filters"": [[""bull"", true], [""body"", 0.3], [""eff"", 0.6], [""rvol"", 1], [""slope"", 0.4]], ""slope"": 0}",9,9,25,9,16,36.0,-0.703744086239777,-3.1572984494186773,32.0,0.8587873056063706
"{""mode"": ""break10"", ""stop"": ""swing5"", ""filters"": [[""bull"", true], [""body"", 0.3], [""eff"", 0.6], [""rvol"", 1], [""slope"", 0.4]], ""slope"": 0}",9,9,25,10,15,40.0,-0.795638210821481,-3.2470127020307493,32.0,0.8433022459853915
"{""mode"": ""break10"", ""stop"": ""signal"", ""filters"": [[""bull"", true], [""body"", 0.3], [""eff"", 0.6], [""rvol"", 1], [""rsi"", [60, 90]]], ""slope"": 0}",9,9,22,9,13,40.909090909090914,-0.3317284539047449,-2.5019098183166055,36.36363636363637,0.9311537853242916
"{""mode"": ""break10"", ""stop"": ""swing5"", ""filters"": [[""bull"", true], [""body"", 0.3], [""eff"", 0.6], [""rvol"", 1], [""rsi"", [60, 90]]], ""slope"": 0}",9,9,22,10,12,45.45454545454545,-0.19620873816165174,-2.369208564428915,36.36363636363637,0.9607745540981056
"{""mode"": ""break10"", ""stop"": ""signal"", ""filters"": [[""bull"", true], [""body"", 0.3], [""eff"", 0.6], [""rvol"", 1], [""rsi"", [60, 90]], [""slope"", 0.4]], ""slope"": 0}",9,9,22,9,13,40.909090909090914,-0.5544359064221571,-2.7199865302242943,36.36363636363637,0.8866500351704624
"{""mode"": ""break10"", ""stop"": ""swing5"", ""filters"": [[""bull"", true], [""body"", 0.3], [""eff"", 0.6], [""rvol"", 1], [""rsi"", [60, 90]], [""slope"", 0.4]], ""slope"": 0}",9,9,22,10,12,45.45454545454545,-0.48678866402958043,-2.6537468677838127,36.36363636363637,0.900259083582746
"{""mode"": ""break10"", ""stop"": ""signal"", ""filters"": [[""bull"", true], [""body"", 0.3], [""upperwick"", 0.5]], ""slope"": 0}",9,9,38,9,29,23.684210526315788,-3.5036406928864894,-7.106816474404509,21.052631578947366,0.5391307074650512
"{""mode"": ""break10"", ""stop"": ""swing5"", ""filters"": [[""bull"", true], [""body"", 0.3], [""upperwick"", 0.5]], ""slope"": 0}",8,9,36,10,26,27.77777777777778,-3.296787048968808,-6.721027626579968,22.22222222222222,0.5846728314899808
"{""mode"": ""break10"", ""stop"": ""signal"", ""filters"": [[""bull"", true], [""body"", 0.3], [""upperwick"", 0.5], [""slope"", 0.4]], ""slope"": 0}",9,9,36,9,27,25.0,-3.176062817280012,-6.604456269117664,22.22222222222222,0.5640232013312635
"{""mode"": ""break10"", ""stop"": ""swing5"", ""filters"": [[""bull"", true], [""body"", 0.3], [""upperwick"", 0.5], [""slope"", 0.4]], ""slope"": 0}",8,9,34,10,24,29.411764705882355,-2.8293038972105222,-6.081902161277341,23.52941176470588,0.6221536665387323
"{""mode"": ""break10"", ""stop"": ""signal"", ""filters"": [[""bull"", true], [""body"", 0.3], [""upperwick"", 0.5], [""rsi"", [60, 90]]], ""slope"": 0}",9,9,26,9,17,34.61538461538461,-1.5463124763471447,-4.075889295670443,30.76923076923077,0.7300632189659894
"{""mode"": ""break10"", ""stop"": ""swing5"", ""filters"": [[""bull"", true], [""body"", 0.3], [""upperwick"", 0.5], [""rsi"", [60, 90]]], ""slope"": 0}",8,9,24,10,14,41.66666666666667,-0.3843125955263149,-2.748199725220246,33.33333333333333,0.9293349584235067
"{""mode"": ""break10"", ""stop"": ""signal"", ""filters"": [[""bull"", true], [""body"", 0.3], [""upperwick"", 0.5], [""rsi"", [60, 90]], [""slope"", 0.4]], ""slope"": 0}",9,9,26,9,17,34.61538461538461,-1.7663059567116113,-4.290445443550706,30.76923076923077,0.7024205092805093
"{""mode"": ""break10"", ""stop"": ""swing5"", ""filters"": [[""bull"", true], [""body"", 0.3], [""upperwick"", 0.5], [""rsi"", [60, 90]], [""slope"", 0.4]], ""slope"": 0}",8,9,24,10,14,41.66666666666667,-0.6743448547751663,-3.031633484606022,33.33333333333333,0.8785281447525468
"{""mode"": ""break10"", ""stop"": ""signal"", ""filters"": [[""bull"", true], [""body"", 0.3], [""upperwick"", 0.5], [""rvol"", 1]], ""slope"": 0}",9,9,31,9,22,29.03225806451613,-2.2980831033043825,-5.284078416834525,25.806451612903224,0.6430536172814698
"{""mode"": ""break10"", ""stop"": ""swing5"", ""filters"": [[""bull"", true], [""body"", 0.3], [""upperwick"", 0.5], [""rvol"", 1]], ""slope"": 0}",8,9,29,10,19,34.48275862068966,-1.4475914453525807,-4.267384181107381,27.586206896551722,0.7659610879206931
"{""mode"": ""break10"", ""stop"": ""signal"", ""filters"": [[""bull"", true], [""body"", 0.3], [""upperwick"", 0.5], [""rvol"", 1], [""slope"", 0.4]], ""slope"": 0}",9,9,31,9,22,29.03225806451613,-2.5163967620103755,-5.495932174232953,25.806451612903224,0.6215100172087529
"{""mode"": ""break10"", ""stop"": ""swing5"", ""filters"": [[""bull"", true], [""body"", 0.3], [""upperwick"", 0.5], [""rvol"", 1], [""slope"", 0.4]], ""slope"": 0}",8,9,29,10,19,34.48275862068966,-1.734527955577736,-4.546390380691556,27.586206896551722,0.7311125201188563
"{""mode"": ""break10"", ""stop"": ""signal"", ""filters"": [[""bull"", true], [""body"", 0.3], [""upperwick"", 0.5], [""rvol"", 1], [""rsi"", [60, 90]]], ""slope"": 0}",9,9,25,9,16,36.0,-1.4501745507241703,-3.8860136082006558,32.0,0.7428508748651805
"{""mode"": ""break10"", ""stop"": ""swing5"", ""filters"": [[""bull"", true], [""body"", 0.3], [""upperwick"", 0.5], [""rvol"", 1], [""rsi"", [60, 90]]], ""slope"": 0}",8,9,23,10,13,43.47826086956522,-0.09622026628767211,-2.3690305248905696,34.78260869565217,0.9859175579147195
"{""mode"": ""break10"", ""stop"": ""signal"", ""filters"": [[""bull"", true], [""body"", 0.3], [""upperwick"", 0.5], [""rvol"", 1], [""rsi"", [60, 90]], [""slope"", 0.4]], ""slope"": 0}",9,9,25,9,16,36.0,-1.6703828500292395,-4.100994456354757,32.0,0.7142502830142506
"{""mode"": ""break10"", ""stop"": ""swing5"", ""filters"": [[""bull"", true], [""body"", 0.3], [""upperwick"", 0.5], [""rvol"", 1], [""rsi"", [60, 90]], [""slope"", 0.4]], ""slope"": 0}",8,9,23,10,13,43.47826086956522,-0.38709130978121786,-2.653569347129592,34.78260869565217,0.9289253575031016
"{""mode"": ""break10"", ""stop"": ""signal"", ""filters"": [[""bull"", true], [""body"", 0.3], [""upperwick"", 0.5], [""eff"", 0.6]], ""slope"": 0}",9,9,27,9,18,33.33333333333333,-0.7525049992573862,-3.398395030833079,29.629629629629626,0.8500352547208044
"{""mode"": ""break10"", ""stop"": ""swing5"", ""filters"": [[""bull"", true], [""body"", 0.3], [""upperwick"", 0.5], [""eff"", 0.6]], ""slope"": 0}",9,9,27,10,17,37.03703703703704,-0.9324506749331274,-3.573719718690982,29.629629629629626,0.8202393559475727
"{""mode"": ""break10"", ""stop"": ""signal"", ""filters"": [[""bull"", true], [""body"", 0.3], [""upperwick"", 0.5], [""eff"", 0.6], [""slope"", 0.4]], ""slope"": 0}",9,9,26,9,17,34.61538461538461,-0.8006101742531802,-3.348613732694805,30.76923076923077,0.8417424364355349
"{""mode"": ""break10"", ""stop"": ""swing5"", ""filters"": [[""bull"", true], [""body"", 0.3], [""upperwick"", 0.5], [""eff"", 0.6], [""slope"", 0.4]], ""slope"": 0}",9,9,26,10,16,38.46153846153847,-1.0817136299363095,-3.6227720847400557,30.76923076923077,0.7966569319571865
"{""mode"": ""break10"", ""stop"": ""signal"", ""filters"": [[""bull"", true], [""body"", 0.3], [""upperwick"", 0.5], [""eff"", 0.6], [""rsi"", [60, 90]]], ""slope"": 0}",9,9,23,9,14,39.130434782608695,-0.4289574528723583,-2.694519838930798,34.78260869565217,0.9111487406476971
"{""mode"": ""break10"", ""stop"": ""swing5"", ""filters"": [[""bull"", true], [""body"", 0.3], [""upperwick"", 0.5], [""eff"", 0.6], [""rsi"", [60, 90]]], ""slope"": 0}",9,9,23,10,13,43.47826086956522,-0.48401273084447416,-2.748377073306807,34.78260869565217,0.900691632147777
"{""mode"": ""break10"", ""stop"": ""signal"", ""filters"": [[""bull"", true], [""body"", 0.3], [""upperwick"", 0.5], [""eff"", 0.6], [""rsi"", [60, 90]], [""slope"", 0.4]], ""slope"": 0}",9,9,23,9,14,39.130434782608695,-0.6514476484599796,-2.9121657346050656,34.78260869565217,0.868492899401331
"{""mode"": ""break10"", ""stop"": ""swing5"", ""filters"": [[""bull"", true], [""body"", 0.3], [""upperwick"", 0.5], [""eff"", 0.6], [""rsi"", [60, 90]], [""slope"", 0.4]], ""slope"": 0}",9,9,23,10,13,43.47826086956522,-0.773754711963015,-3.0318103158236465,34.78260869565217,0.8472979706214637
"{""mode"": ""break10"", ""stop"": ""signal"", ""filters"": [[""bull"", true], [""body"", 0.3], [""upperwick"", 0.5], [""eff"", 0.6], [""rvol"", 1]], ""slope"": 0}",9,9,25,9,16,36.0,-0.4813710080574629,-2.940202078097054,32.0,0.9004722181336805
"{""mode"": ""break10"", ""stop"": ""swing5"", ""filters"": [[""bull"", true], [""body"", 0.3], [""upperwick"", 0.5], [""eff"", 0.6], [""rvol"", 1]], ""slope"": 0}",9,9,25,10,15,40.0,-0.5059601298162075,-2.9642084854895057,32.0,0.8961777893253842
"{""mode"": ""break10"", ""stop"": ""signal"", ""filters"": [[""bull"", true], [""body"", 0.3], [""upperwick"", 0.5], [""eff"", 0.6], [""rvol"", 1], [""slope"", 0.4]], ""slope"": 0}",9,9,25,9,16,36.0,-0.703744086239777,-3.1572984494186773,32.0,0.8587873056063706
"{""mode"": ""break10"", ""stop"": ""swing5"", ""filters"": [[""bull"", true], [""body"", 0.3], [""upperwick"", 0.5], [""eff"", 0.6], [""rvol"", 1], [""slope"", 0.4]], ""slope"": 0}",9,9,25,10,15,40.0,-0.795638210821481,-3.2470127020307493,32.0,0.8433022459853915
"{""mode"": ""break10"", ""stop"": ""signal"", ""filters"": [[""bull"", true], [""body"", 0.3], [""upperwick"", 0.5], [""eff"", 0.6], [""rvol"", 1], [""rsi"", [60, 90]]], ""slope"": 0}",9,9,22,9,13,40.909090909090914,-0.3317284539047449,-2.5019098183166055,36.36363636363637,0.9311537853242916
"{""mode"": ""break10"", ""stop"": ""swing5"", ""filters"": [[""bull"", true], [""body"", 0.3], [""upperwick"", 0.5], [""eff"", 0.6], [""rvol"", 1], [""rsi"", [60, 90]]], ""slope"": 0}",9,9,22,10,12,45.45454545454545,-0.19620873816165174,-2.369208564428915,36.36363636363637,0.9607745540981056
"{""mode"": ""break10"", ""stop"": ""signal"", ""filters"": [[""bull"", true], [""body"", 0.3], [""upperwick"", 0.5], [""eff"", 0.6], [""rvol"", 1], [""rsi"", [60, 90]], [""slope"", 0.4]], ""slope"": 0}",9,9,22,9,13,40.909090909090914,-0.5544359064221571,-2.7199865302242943,36.36363636363637,0.8866500351704624
"{""mode"": ""break10"", ""stop"": ""swing5"", ""filters"": [[""bull"", true], [""body"", 0.3], [""upperwick"", 0.5], [""eff"", 0.6], [""rvol"", 1], [""rsi"", [60, 90]], [""slope"", 0.4]], ""slope"": 0}",9,9,22,10,12,45.45454545454545,-0.48678866402958043,-2.6537468677838127,36.36363636363637,0.900259083582746
