CandleTimeUK,Entry,Stop,ExitCandleUK,Exit,Reason,Status,GainPct,R,MFEpct,MAEpct
2026-09-01 15:40:00+01:00,948.89,934.0,2026-09-01 17:00:00+01:00,956.49,EMA9 exit,Good,0.8009358302859093,0.5104096709200826,2.1656883305757324,-0.11697878573913023
2026-09-02 19:50:00+01:00,952.28,946.86,2026-09-02 20:20:00+01:00,951.22,EMA9 exit,Bad,-0.1113117990506951,-0.1955719557195486,0.32658461796950533,-0.20057126055361696
2026-09-03 19:10:00+01:00,948.73,944.27,2026-09-03 20:05:00+01:00,952.03,EMA9 exit,Good,0.3478334194133126,0.7399103139013291,1.1151750234523972,-0.024242935292440038
2026-09-03 20:50:00+01:00,958.32,947.49,2026-09-03 20:55:00+01:00,958.49,RTH end,Good,0.0177393772434975,0.015697137580790253,0.06991401619500515,-0.3234827614992941
2026-09-04 20:40:00+01:00,1008.31,1001.99,2026-09-04 20:55:00+01:00,1014.95,RTH end,Good,0.6585276353502589,1.0506329113924315,0.9382035286767065,-0.021818686713404034
2026-09-09 14:50:00+01:00,1025.69,992.28,2026-09-09 15:50:00+01:00,1033.06,EMA9 exit,Good,0.7185406896820679,0.22059263693504558,1.6291472082208047,-0.08774581013757388
2026-09-14 16:30:00+01:00,925.39,912.29,2026-09-14 16:45:00+01:00,919.8,EMA9 exit,Bad,-0.6040696355050335,-0.4267175572519101,0.08753066274760357,-0.6300046466895082
2026-09-14 18:05:00+01:00,926.98,921.25,2026-09-14 19:20:00+01:00,929.06,EMA9 exit,Good,0.2243845606161976,0.36300174520068423,0.53075578761137,-0.2675354376577732
2026-09-18 18:00:00+01:00,997.54,991.0,2026-09-18 20:20:00+01:00,1006.89,EMA9 exit,Good,0.9373057721996148,1.4296636085627026,1.222006135092335,-0.1283156565150212
2026-09-21 19:20:00+01:00,1044.21,1038.89,2026-09-21 20:25:00+01:00,1045.31,EMA9 exit,Good,0.10534279503164878,0.20676691729321847,0.5975809463613757,-0.2384577814807387
2026-09-29 15:20:00+01:00,1079.52,1068.99,2026-09-29 16:00:00+01:00,1076.8,EMA9 exit,Bad,-0.25196383577886783,-0.2583095916429282,0.29087001630354603,-0.2751222765673633
2026-09-30 20:10:00+01:00,1072.35,1064.58,2026-09-30 20:20:00+01:00,1069.86,EMA9 exit,Bad,-0.23220030773535294,-0.3204633204633224,0.0,-0.2881521891173522
