ID,Period,Config,Trades,Good,Bad,Success,CompoundPct,Net10bpPct,NetSuccess,ProfitFactor
0,Development,"{""filters"": [], ""mode"": ""break10"", ""slope"": 0, ""stop"": ""signal""}",26,7,19,26.923076923076923,-1.2131867905211147,-3.7509946859587195,23.076923076923077,0.7667998925092536
0,SeptemberCheck,"{""filters"": [], ""mode"": ""break10"", ""slope"": 0, ""stop"": ""signal""}",12,2,10,16.666666666666664,-2.318582640689537,-3.4866041238518997,16.666666666666664,0.08209357327148473
0,September,"{""filters"": [], ""mode"": ""break10"", ""slope"": 0, ""stop"": ""signal""}",38,9,29,23.684210526315788,-3.5036406928864894,-7.106816474404509,21.052631578947366,0.5391307074650512
0,May,"{""filters"": [], ""mode"": ""break10"", ""slope"": 0, ""stop"": ""signal""}",46,13,33,28.26086956521739,-1.6592568163774413,-6.0844334352248675,23.91304347826087,0.8999709372201031
0,June,"{""filters"": [], ""mode"": ""break10"", ""slope"": 0, ""stop"": ""signal""}",53,11,42,20.754716981132077,-10.181744870485588,-14.829737662600028,20.754716981132077,0.49166219128690003
0,July,"{""filters"": [], ""mode"": ""break10"", ""slope"": 0, ""stop"": ""signal""}",41,7,34,17.073170731707318,-10.773026248966122,-14.368966168714891,17.073170731707318,0.35956076084652344
0,August,"{""filters"": [], ""mode"": ""break10"", ""slope"": 0, ""stop"": ""signal""}",32,13,19,40.625,3.330245589679248,0.07757682089684081,31.25,1.4117623880442014
0,October,"{""filters"": [], ""mode"": ""break10"", ""slope"": 0, ""stop"": ""signal""}",2,1,1,50.0,1.518858081823149,1.3174321551828738,50.0,5.097939885945483
915,Development,"{""filters"": [[""adxmax"", 25], [""slope"", 0.75]], ""mode"": ""trend"", ""slope"": 0, ""stop"": ""swing5""}",9,7,2,77.77777777777779,3.0195423149672163,2.099091469675196,66.66666666666666,5.179428911363811
915,SeptemberCheck,"{""filters"": [[""adxmax"", 25], [""slope"", 0.75]], ""mode"": ""trend"", ""slope"": 0, ""stop"": ""swing5""}",3,1,2,33.33333333333333,-0.37874570340242775,-0.6776886145555716,33.33333333333333,0.21757661413552132
915,September,"{""filters"": [[""adxmax"", 25], [""slope"", 0.75]], ""mode"": ""trend"", ""slope"": 0, ""stop"": ""swing5""}",12,8,4,66.66666666666666,2.6293602247844383,1.4071775512205287,58.333333333333336,3.1767113726130534
915,May,"{""filters"": [[""adxmax"", 25], [""slope"", 0.75]], ""mode"": ""trend"", ""slope"": 0, ""stop"": ""swing5""}",18,6,12,33.33333333333333,0.2180595818336739,-1.5705546194234032,33.33333333333333,1.052378016491311
915,June,"{""filters"": [[""adxmax"", 25], [""slope"", 0.75]], ""mode"": ""trend"", ""slope"": 0, ""stop"": ""swing5""}",14,3,11,21.428571428571427,-2.6565821146573354,-4.013343181998863,21.428571428571427,0.7277015466230855
915,July,"{""filters"": [[""adxmax"", 25], [""slope"", 0.75]], ""mode"": ""trend"", ""slope"": 0, ""stop"": ""swing5""}",16,5,11,31.25,-2.428823640231781,-3.980737786011701,31.25,0.6617882823702236
915,August,"{""filters"": [[""adxmax"", 25], [""slope"", 0.75]], ""mode"": ""trend"", ""slope"": 0, ""stop"": ""swing5""}",12,5,7,41.66666666666667,4.569906474596186,3.3264595945784237,33.33333333333333,2.8946076796166045
915,October,"{""filters"": [[""adxmax"", 25], [""slope"", 0.75]], ""mode"": ""trend"", ""slope"": 0, ""stop"": ""swing5""}",1,1,0,100.0,1.4232026297695155,1.3232026297695043,100.0,inf
1036,Development,"{""filters"": [[""adxmax"", 25], [""slope"", 0.75]], ""mode"": ""trend"", ""slope"": 0, ""stop"": ""swingATR""}",9,7,2,77.77777777777779,3.0195423149672163,2.099091469675196,66.66666666666666,5.179428911363811
1036,SeptemberCheck,"{""filters"": [[""adxmax"", 25], [""slope"", 0.75]], ""mode"": ""trend"", ""slope"": 0, ""stop"": ""swingATR""}",3,1,2,33.33333333333333,-0.37874570340242775,-0.6776886145555716,33.33333333333333,0.21757661413552132
1036,September,"{""filters"": [[""adxmax"", 25], [""slope"", 0.75]], ""mode"": ""trend"", ""slope"": 0, ""stop"": ""swingATR""}",12,8,4,66.66666666666666,2.6293602247844383,1.4071775512205287,58.333333333333336,3.1767113726130534
1036,May,"{""filters"": [[""adxmax"", 25], [""slope"", 0.75]], ""mode"": ""trend"", ""slope"": 0, ""stop"": ""swingATR""}",18,6,12,33.33333333333333,0.2180595818336739,-1.5705546194234032,33.33333333333333,1.052378016491311
1036,June,"{""filters"": [[""adxmax"", 25], [""slope"", 0.75]], ""mode"": ""trend"", ""slope"": 0, ""stop"": ""swingATR""}",14,3,11,21.428571428571427,-2.6565821146573354,-4.013343181998863,21.428571428571427,0.7277015466230855
1036,July,"{""filters"": [[""adxmax"", 25], [""slope"", 0.75]], ""mode"": ""trend"", ""slope"": 0, ""stop"": ""swingATR""}",16,5,11,31.25,-2.428823640231781,-3.980737786011701,31.25,0.6617882823702236
1036,August,"{""filters"": [[""adxmax"", 25], [""slope"", 0.75]], ""mode"": ""trend"", ""slope"": 0, ""stop"": ""swingATR""}",12,5,7,41.66666666666667,4.569906474596186,3.3264595945784237,33.33333333333333,2.8946076796166045
1036,October,"{""filters"": [[""adxmax"", 25], [""slope"", 0.75]], ""mode"": ""trend"", ""slope"": 0, ""stop"": ""swingATR""}",1,1,0,100.0,1.4232026297695155,1.3232026297695043,100.0,inf
2226,Development,"{""filters"": [[""adxmax"", 25], [""slope"", 0.6], [""eff"", 0.7], [""clearvwap"", true]], ""mode"": ""trend"", ""slope"": 0, ""stop"": ""swing5""}",11,7,4,63.63636363636363,2.2284785931364404,1.111784961293183,45.45454545454545,2.5614318118836077
2226,SeptemberCheck,"{""filters"": [[""adxmax"", 25], [""slope"", 0.6], [""eff"", 0.7], [""clearvwap"", true]], ""mode"": ""trend"", ""slope"": 0, ""stop"": ""swing5""}",4,3,1,75.0,0.04174247972266176,-0.3577842387689878,75.0,1.104070616582283
2226,September,"{""filters"": [[""adxmax"", 25], [""slope"", 0.6], [""eff"", 0.7], [""clearvwap"", true]], ""mode"": ""trend"", ""slope"": 0, ""stop"": ""swing5""}",15,10,5,66.66666666666666,2.271151295083973,0.7500229311636852,53.333333333333336,2.2335947655602073
2226,May,"{""filters"": [[""adxmax"", 25], [""slope"", 0.6], [""eff"", 0.7], [""clearvwap"", true]], ""mode"": ""trend"", ""slope"": 0, ""stop"": ""swing5""}",19,4,15,21.052631578947366,-2.5374937010360865,-4.375347130454699,21.052631578947366,0.7474173485104697
2226,June,"{""filters"": [[""adxmax"", 25], [""slope"", 0.6], [""eff"", 0.7], [""clearvwap"", true]], ""mode"": ""trend"", ""slope"": 0, ""stop"": ""swing5""}",17,4,13,23.52941176470588,-1.157165115073333,-2.8254458743272037,23.52941176470588,0.8928370614885004
2226,July,"{""filters"": [[""adxmax"", 25], [""slope"", 0.6], [""eff"", 0.7], [""clearvwap"", true]], ""mode"": ""trend"", ""slope"": 0, ""stop"": ""swing5""}",15,6,9,40.0,0.7478332415743028,-0.7521496342567158,40.0,1.1997349537334079
2226,August,"{""filters"": [[""adxmax"", 25], [""slope"", 0.6], [""eff"", 0.7], [""clearvwap"", true]], ""mode"": ""trend"", ""slope"": 0, ""stop"": ""swing5""}",11,5,6,45.45454545454545,3.775425924762299,2.6433261852268464,27.27272727272727,3.1023596386363756
2226,October,"{""filters"": [[""adxmax"", 25], [""slope"", 0.6], [""eff"", 0.7], [""clearvwap"", true]], ""mode"": ""trend"", ""slope"": 0, ""stop"": ""swing5""}",1,1,0,100.0,1.898290970342753,1.798290970342764,100.0,inf
2216,Development,"{""filters"": [[""adxmax"", 25], [""slope"", 0.6], [""eff"", 0.7]], ""mode"": ""trend"", ""slope"": 0, ""stop"": ""swing5""}",11,7,4,63.63636363636363,2.2284785931364404,1.111784961293183,45.45454545454545,2.5614318118836077
2216,SeptemberCheck,"{""filters"": [[""adxmax"", 25], [""slope"", 0.6], [""eff"", 0.7]], ""mode"": ""trend"", ""slope"": 0, ""stop"": ""swing5""}",5,3,2,60.0,-0.2333510972529318,-0.7314214177535638,60.0,0.6626459182888594
2216,September,"{""filters"": [[""adxmax"", 25], [""slope"", 0.6], [""eff"", 0.7]], ""mode"": ""trend"", ""slope"": 0, ""stop"": ""swing5""}",16,10,6,62.5,1.9899273166343878,0.37223171021336654,50.0,1.9425043369797659
2216,May,"{""filters"": [[""adxmax"", 25], [""slope"", 0.6], [""eff"", 0.7]], ""mode"": ""trend"", ""slope"": 0, ""stop"": ""swing5""}",22,5,17,22.727272727272727,-2.3293531001854717,-4.458124461087332,22.727272727272727,0.7768524041427961
2216,June,"{""filters"": [[""adxmax"", 25], [""slope"", 0.6], [""eff"", 0.7]], ""mode"": ""trend"", ""slope"": 0, ""stop"": ""swing5""}",17,4,13,23.52941176470588,-1.157165115073333,-2.8254458743272037,23.52941176470588,0.8928370614885004
2216,July,"{""filters"": [[""adxmax"", 25], [""slope"", 0.6], [""eff"", 0.7]], ""mode"": ""trend"", ""slope"": 0, ""stop"": ""swing5""}",16,6,10,37.5,-0.8030556374625131,-2.379195973662551,37.5,0.8617207302556397
2216,August,"{""filters"": [[""adxmax"", 25], [""slope"", 0.6], [""eff"", 0.7]], ""mode"": ""trend"", ""slope"": 0, ""stop"": ""swing5""}",11,5,6,45.45454545454545,3.775425924762299,2.6433261852268464,27.27272727272727,3.1023596386363756
2216,October,"{""filters"": [[""adxmax"", 25], [""slope"", 0.6], [""eff"", 0.7]], ""mode"": ""trend"", ""slope"": 0, ""stop"": ""swing5""}",1,1,0,100.0,1.898290970342753,1.798290970342764,100.0,inf
2202,Development,"{""filters"": [[""slope"", 0.6], [""adxmax"", 20]], ""mode"": ""trend"", ""slope"": 0, ""stop"": ""swing5""}",9,5,4,55.55555555555556,1.4593156625217762,0.5512708289977075,44.44444444444444,2.1571479748134443
2202,SeptemberCheck,"{""filters"": [[""slope"", 0.6], [""adxmax"", 20]], ""mode"": ""trend"", ""slope"": 0, ""stop"": ""swing5""}",4,3,1,75.0,0.022614553523570002,-0.3768548256571358,50.0,1.0577011477728016
2202,September,"{""filters"": [[""slope"", 0.6], [""adxmax"", 20]], ""mode"": ""trend"", ""slope"": 0, ""stop"": ""swing5""}",13,8,5,61.53846153846154,1.482260233766941,0.17233851261906352,46.15384615384615,1.8863927092235593
2202,May,"{""filters"": [[""slope"", 0.6], [""adxmax"", 20]], ""mode"": ""trend"", ""slope"": 0, ""stop"": ""swing5""}",21,5,16,23.809523809523807,1.4406813144203001,-0.6671647619618137,23.809523809523807,1.2149145825569896
2202,June,"{""filters"": [[""slope"", 0.6], [""adxmax"", 20]], ""mode"": ""trend"", ""slope"": 0, ""stop"": ""swing5""}",15,2,13,13.333333333333334,-5.904288916166356,-7.3115578146351385,13.333333333333334,0.13130130993638672
2202,July,"{""filters"": [[""slope"", 0.6], [""adxmax"", 20]], ""mode"": ""trend"", ""slope"": 0, ""stop"": ""swing5""}",18,6,12,33.33333333333333,-3.4955411582090035,-5.221364787905014,33.33333333333333,0.5250834353796261
2202,August,"{""filters"": [[""slope"", 0.6], [""adxmax"", 20]], ""mode"": ""trend"", ""slope"": 0, ""stop"": ""swing5""}",11,5,6,45.45454545454545,4.369976682207866,3.2319428425592767,27.27272727272727,2.953210321729937
2202,October,"{""filters"": [[""slope"", 0.6], [""adxmax"", 20]], ""mode"": ""trend"", ""slope"": 0, ""stop"": ""swing5""}",0,0,0,0.0,0.0,0.0,0.0,0.0
2235,Development,"{""filters"": [[""adxmax"", 25], [""slope"", 0.6], [""ht"", true]], ""mode"": ""break10"", ""slope"": 0, ""stop"": ""swing5""}",10,7,3,70.0,2.03660697649124,1.0228459724361816,50.0,3.0131754555642263
2235,SeptemberCheck,"{""filters"": [[""adxmax"", 25], [""slope"", 0.6], [""ht"", true]], ""mode"": ""break10"", ""slope"": 0, ""stop"": ""swing5""}",3,1,2,33.33333333333333,-0.738068491582311,-1.0362922040854983,0.0,0.10546192075542489
2235,September,"{""filters"": [[""adxmax"", 25], [""slope"", 0.6], [""ht"", true]], ""mode"": ""break10"", ""slope"": 0, ""stop"": ""swing5""}",13,8,5,61.53846153846154,1.2835069305180857,-0.02404590472148138,38.46153846153847,1.7033951928258833
2235,May,"{""filters"": [[""adxmax"", 25], [""slope"", 0.6], [""ht"", true]], ""mode"": ""break10"", ""slope"": 0, ""stop"": ""swing5""}",17,4,13,23.52941176470588,-0.7613323326186583,-2.4358740119197253,23.52941176470588,0.9211178712170754
2235,June,"{""filters"": [[""adxmax"", 25], [""slope"", 0.6], [""ht"", true]], ""mode"": ""break10"", ""slope"": 0, ""stop"": ""swing5""}",17,3,14,17.647058823529413,-7.176619670415063,-8.748901414523969,17.647058823529413,0.1967089289863741
2235,July,"{""filters"": [[""adxmax"", 25], [""slope"", 0.6], [""ht"", true]], ""mode"": ""break10"", ""slope"": 0, ""stop"": ""swing5""}",15,2,13,13.333333333333334,-5.641835764619241,-7.052779608217163,13.333333333333334,0.22537734009655855
2235,August,"{""filters"": [[""adxmax"", 25], [""slope"", 0.6], [""ht"", true]], ""mode"": ""break10"", ""slope"": 0, ""stop"": ""swing5""}",10,6,4,60.0,3.1806857304911285,2.156647774246623,40.0,2.378960390738016
2235,October,"{""filters"": [[""adxmax"", 25], [""slope"", 0.6], [""ht"", true]], ""mode"": ""break10"", ""slope"": 0, ""stop"": ""swing5""}",1,1,0,100.0,1.898290970342753,1.798290970342764,100.0,inf
2248,Development,"{""filters"": [[""adxmax"", 25], [""slope"", 0.6], [""ht"", true]], ""mode"": ""break3"", ""slope"": 0, ""stop"": ""swing5""}",10,7,3,70.0,2.03660697649124,1.0228459724361816,50.0,3.0131754555642263
2248,SeptemberCheck,"{""filters"": [[""adxmax"", 25], [""slope"", 0.6], [""ht"", true]], ""mode"": ""break3"", ""slope"": 0, ""stop"": ""swing5""}",3,1,2,33.33333333333333,-0.738068491582311,-1.0362922040854983,0.0,0.10546192075542489
2248,September,"{""filters"": [[""adxmax"", 25], [""slope"", 0.6], [""ht"", true]], ""mode"": ""break3"", ""slope"": 0, ""stop"": ""swing5""}",13,8,5,61.53846153846154,1.2835069305180857,-0.02404590472148138,38.46153846153847,1.7033951928258833
2248,May,"{""filters"": [[""adxmax"", 25], [""slope"", 0.6], [""ht"", true]], ""mode"": ""break3"", ""slope"": 0, ""stop"": ""swing5""}",17,4,13,23.52941176470588,-0.7613323326186583,-2.4358740119197253,23.52941176470588,0.9211178712170754
2248,June,"{""filters"": [[""adxmax"", 25], [""slope"", 0.6], [""ht"", true]], ""mode"": ""break3"", ""slope"": 0, ""stop"": ""swing5""}",17,3,14,17.647058823529413,-7.176619670415063,-8.748901414523969,17.647058823529413,0.1967089289863741
2248,July,"{""filters"": [[""adxmax"", 25], [""slope"", 0.6], [""ht"", true]], ""mode"": ""break3"", ""slope"": 0, ""stop"": ""swing5""}",15,2,13,13.333333333333334,-5.0269377446979675,-6.446475546757768,13.333333333333334,0.3136557943192493
2248,August,"{""filters"": [[""adxmax"", 25], [""slope"", 0.6], [""ht"", true]], ""mode"": ""break3"", ""slope"": 0, ""stop"": ""swing5""}",10,6,4,60.0,3.1806857304911285,2.156647774246623,40.0,2.378960390738016
2248,October,"{""filters"": [[""adxmax"", 25], [""slope"", 0.6], [""ht"", true]], ""mode"": ""break3"", ""slope"": 0, ""stop"": ""swing5""}",1,1,0,100.0,1.898290970342753,1.798290970342764,100.0,inf
2217,Development,"{""filters"": [[""adxmax"", 25], [""slope"", 0.6], [""clearvwap"", true]], ""mode"": ""trend"", ""slope"": 0, ""stop"": ""swing5""}",14,8,6,57.14285714285714,1.9957607968456026,0.5790359597780403,42.857142857142854,2.016507741750606
2217,SeptemberCheck,"{""filters"": [[""adxmax"", 25], [""slope"", 0.6], [""clearvwap"", true]], ""mode"": ""trend"", ""slope"": 0, ""stop"": ""swing5""}",4,3,1,75.0,0.022614553523570002,-0.3768548256571358,50.0,1.0577011477728016
2217,September,"{""filters"": [[""adxmax"", 25], [""slope"", 0.6], [""clearvwap"", true]], ""mode"": ""trend"", ""slope"": 0, ""stop"": ""swing5""}",18,11,7,61.111111111111114,2.0188266827627643,0.19999900916418678,44.44444444444444,1.8498430738517202
2217,May,"{""filters"": [[""adxmax"", 25], [""slope"", 0.6], [""clearvwap"", true]], ""mode"": ""trend"", ""slope"": 0, ""stop"": ""swing5""}",24,6,18,25.0,0.054454044202945084,-2.3195876964504647,25.0,1.0262562997585087
2217,June,"{""filters"": [[""adxmax"", 25], [""slope"", 0.6], [""clearvwap"", true]], ""mode"": ""trend"", ""slope"": 0, ""stop"": ""swing5""}",23,5,18,21.73913043478261,-3.4612847396976676,-5.660949824185469,21.73913043478261,0.7197554066716977
2217,July,"{""filters"": [[""adxmax"", 25], [""slope"", 0.6], [""clearvwap"", true]], ""mode"": ""trend"", ""slope"": 0, ""stop"": ""swing5""}",20,7,13,35.0,-0.8781126015204199,-2.8427427219706702,35.0,0.8689438335744976
2217,August,"{""filters"": [[""adxmax"", 25], [""slope"", 0.6], [""clearvwap"", true]], ""mode"": ""trend"", ""slope"": 0, ""stop"": ""swing5""}",14,8,6,57.14285714285714,7.449983619749734,5.962918580054688,42.857142857142854,4.255920192630367
2217,October,"{""filters"": [[""adxmax"", 25], [""slope"", 0.6], [""clearvwap"", true]], ""mode"": ""trend"", ""slope"": 0, ""stop"": ""swing5""}",1,1,0,100.0,1.898290970342753,1.798290970342764,100.0,inf
2215,Development,"{""filters"": [[""adxmax"", 25], [""slope"", 0.6], [""eff"", 0.5]], ""mode"": ""trend"", ""slope"": 0, ""stop"": ""swing5""}",12,7,5,58.333333333333336,2.421992080635249,1.2020723598247907,50.0,2.5710168661562127
2215,SeptemberCheck,"{""filters"": [[""adxmax"", 25], [""slope"", 0.6], [""eff"", 0.5]], ""mode"": ""trend"", ""slope"": 0, ""stop"": ""swing5""}",5,3,2,60.0,-0.2524264257112385,-0.7504204939849823,40.0,0.6348156882489177
2215,September,"{""filters"": [[""adxmax"", 25], [""slope"", 0.6], [""eff"", 0.5]], ""mode"": ""trend"", ""slope"": 0, ""stop"": ""swing5""}",17,10,7,58.82352941176471,2.1634519068838287,0.4426312684991496,47.05882352941176,1.9717334842684509
2215,May,"{""filters"": [[""adxmax"", 25], [""slope"", 0.6], [""eff"", 0.5]], ""mode"": ""trend"", ""slope"": 0, ""stop"": ""swing5""}",26,5,21,19.230769230769234,-3.1363209061031294,-5.626727271050857,19.230769230769234,0.7153838921428841
2215,June,"{""filters"": [[""adxmax"", 25], [""slope"", 0.6], [""eff"", 0.5]], ""mode"": ""trend"", ""slope"": 0, ""stop"": ""swing5""}",20,4,16,20.0,-3.6086634514248317,-5.5219634081038365,20.0,0.6976450119992226
2215,July,"{""filters"": [[""adxmax"", 25], [""slope"", 0.6], [""eff"", 0.5]], ""mode"": ""trend"", ""slope"": 0, ""stop"": ""swing5""}",22,7,15,31.818181818181817,-3.385924332674639,-5.492593445600258,31.818181818181817,0.6187566219501557
2215,August,"{""filters"": [[""adxmax"", 25], [""slope"", 0.6], [""eff"", 0.5]], ""mode"": ""trend"", ""slope"": 0, ""stop"": ""swing5""}",14,8,6,57.14285714285714,6.776180850771407,5.29778381499908,35.714285714285715,4.527177027722819
2215,October,"{""filters"": [[""adxmax"", 25], [""slope"", 0.6], [""eff"", 0.5]], ""mode"": ""trend"", ""slope"": 0, ""stop"": ""swing5""}",1,1,0,100.0,1.898290970342753,1.798290970342764,100.0,inf
913,Development,"{""filters"": [[""adxmax"", 25], [""move"", 0.5]], ""mode"": ""trend"", ""slope"": 0, ""stop"": ""swing5""}",9,5,4,55.55555555555556,0.8081437984722051,-0.0947170188447144,44.44444444444444,1.5290701799814825
913,SeptemberCheck,"{""filters"": [[""adxmax"", 25], [""move"", 0.5]], ""mode"": ""trend"", ""slope"": 0, ""stop"": ""swing5""}",3,2,1,66.66666666666666,0.0738277451333369,-0.22602060213537944,66.66666666666666,1.2709052610695875
913,September,"{""filters"": [[""adxmax"", 25], [""move"", 0.5]], ""mode"": ""trend"", ""slope"": 0, ""stop"": ""swing5""}",12,7,5,58.333333333333336,0.8825681779494055,-0.320523541003781,50.0,1.4900877607602705
913,May,"{""filters"": [[""adxmax"", 25], [""move"", 0.5]], ""mode"": ""trend"", ""slope"": 0, ""stop"": ""swing5""}",40,10,30,25.0,-1.2851085175485277,-5.159158094530869,22.5,0.928418029892961
913,June,"{""filters"": [[""adxmax"", 25], [""move"", 0.5]], ""mode"": ""trend"", ""slope"": 0, ""stop"": ""swing5""}",43,13,30,30.23255813953488,-3.4973070983444265,-7.564478562758636,27.906976744186046,0.7905210954516004
913,July,"{""filters"": [[""adxmax"", 25], [""move"", 0.5]], ""mode"": ""trend"", ""slope"": 0, ""stop"": ""swing5""}",37,17,20,45.94594594594595,0.7823915293868167,-2.8796131952406268,40.54054054054054,1.075767400133748
913,August,"{""filters"": [[""adxmax"", 25], [""move"", 0.5]], ""mode"": ""trend"", ""slope"": 0, ""stop"": ""swing5""}",22,11,11,50.0,8.213089953388542,5.865455716650003,45.45454545454545,3.110977138079928
913,October,"{""filters"": [[""adxmax"", 25], [""move"", 0.5]], ""mode"": ""trend"", ""slope"": 0, ""stop"": ""swing5""}",3,1,2,33.33333333333333,1.2014268402504191,0.8993003641000863,33.33333333333333,2.0684018316604083
