Month,Trades,Good,Bad,Success,CompoundPct,Net10bpPct,NetSuccess,ProfitFactor
2025-10,9,3,6,33.33333333333333,-0.6427844591613385,-1.5341026144472303,33.33333333333333,0.8251337905938682
2025-11,18,4,14,22.22222222222222,-4.957241946737212,-6.658382411642194,22.22222222222222,0.4191241497915625
2025-12,15,9,6,60.0,1.5657751535101738,0.05443544014887003,60.0,1.497135571000538
2026-01,19,6,13,31.57894736842105,2.5137776802645284,0.5858628004351996,31.57894736842105,1.5181259903066278
2026-02,18,7,11,38.88888888888889,0.9426637755417744,-0.8581106392586468,33.33333333333333,1.1501482000374792
2026-03,23,9,14,39.130434782608695,2.860009621791715,0.5228238519638051,34.78260869565217,1.4807798107016257
2026-04,23,11,12,47.82608695652174,10.125121994360997,7.630113862856325,47.82608695652174,3.0145600899592426
2026-05,31,10,21,32.25806451612903,-4.5996506513372175,-7.517690410298961,29.03225806451613,0.6940250776175684
2026-06,32,9,23,28.125,-11.560380835733774,-14.357736998151704,25.0,0.4026666683591379
2026-07,19,4,15,21.052631578947366,-5.111486897680406,-6.903204644001793,21.052631578947366,0.4877863345610034
2026-08,18,7,11,38.88888888888889,0.6497003711226412,-1.1460905982370373,27.77777777777778,1.1434667556032616
2026-09,16,10,6,62.5,2.4015948021718136,0.7777743005361826,50.0,2.3596254289107876
