BaselineGoodCandleUK,SameEntryGood,OverlappingGoodTrade,CandidateCandles
2026-09-01 15:40:00+01:00,True,True,2026-09-01 15:40:00+01:00
2026-09-03 19:00:00+01:00,True,True,2026-09-03 19:00:00+01:00
2026-09-03 20:50:00+01:00,True,True,2026-09-03 20:50:00+01:00
2026-09-04 20:50:00+01:00,True,True,2026-09-04 20:50:00+01:00
2026-09-09 14:50:00+01:00,True,True,2026-09-09 14:50:00+01:00
2026-09-14 17:45:00+01:00,True,True,2026-09-14 17:45:00+01:00
2026-09-18 14:55:00+01:00,True,True,2026-09-18 14:55:00+01:00
2026-09-18 17:50:00+01:00,True,True,2026-09-18 17:50:00+01:00
2026-09-21 19:10:00+01:00,True,True,2026-09-21 19:10:00+01:00
2026-09-22 20:00:00+01:00,True,True,2026-09-22 20:00:00+01:00
