Config,Filters,RetainedGood,Oct1Reference,Trades,Good,Bad,Success,CompoundPct,Net10bpPct,NetSuccess,ProfitFactor
"{""mode"": ""break10"", ""stop"": ""swing5"", ""filters"": [], ""slope"": 0}",0,9,True,36,10,26,27.77777777777778,-3.296787048968808,-6.721027626579968,22.22222222222222,0.5846728314899808
"{""mode"": ""break10"", ""stop"": ""swing5"", ""filters"": [[""rsislope"", 0]], ""slope"": 0}",1,9,True,36,10,26,27.77777777777778,-3.296787048968808,-6.721027626579968,22.22222222222222,0.5846728314899808
"{""mode"": ""break10"", ""stop"": ""swing5"", ""filters"": [[""bbexpand"", 0.8]], ""slope"": 0}",1,9,True,34,10,24,29.411764705882355,-2.4195010789208715,-5.685417575291474,23.52941176470588,0.6589354019945016
"{""mode"": ""break10"", ""stop"": ""swing5"", ""filters"": [[""bbexpand"", 0.8], [""rsislope"", 0]], ""slope"": 0}",2,9,True,34,10,24,29.411764705882355,-2.4195010789208715,-5.685417575291474,23.52941176470588,0.6589354019945016
"{""mode"": ""break10"", ""stop"": ""swing5"", ""filters"": [[""higherlows"", 3]], ""slope"": 0}",1,9,True,33,10,23,30.303030303030305,-2.322187839116474,-5.496765572038809,24.242424242424242,0.6685059318088217
"{""mode"": ""break10"", ""stop"": ""swing5"", ""filters"": [[""higherlows"", 3], [""rsislope"", 0]], ""slope"": 0}",2,9,True,33,10,23,30.303030303030305,-2.322187839116474,-5.496765572038809,24.242424242424242,0.6685059318088217
"{""mode"": ""break10"", ""stop"": ""swing5"", ""filters"": [[""higherlows"", 3], [""bbexpand"", 0.8]], ""slope"": 0}",2,9,True,31,10,21,32.25806451612903,-1.4360603612516676,-4.447563410365374,25.806451612903224,0.7673924303279682
"{""mode"": ""break10"", ""stop"": ""swing5"", ""filters"": [[""higherlows"", 3], [""bbexpand"", 0.8], [""rsislope"", 0]], ""slope"": 0}",3,9,True,31,10,21,32.25806451612903,-1.4360603612516676,-4.447563410365374,25.806451612903224,0.7673924303279682
"{""mode"": ""break10"", ""stop"": ""swing5"", ""filters"": [[""rvolmean"", 1]], ""slope"": 0}",1,9,True,28,10,18,35.714285714285715,-1.477664446254079,-4.200828417814928,28.57142857142857,0.7623545596757761
"{""mode"": ""break10"", ""stop"": ""swing5"", ""filters"": [[""rvolmean"", 1], [""rsislope"", 0]], ""slope"": 0}",2,9,True,28,10,18,35.714285714285715,-1.477664446254079,-4.200828417814928,28.57142857142857,0.7623545596757761
"{""mode"": ""break10"", ""stop"": ""swing5"", ""filters"": [[""rvolmean"", 1], [""bbexpand"", 0.8]], ""slope"": 0}",2,9,True,27,10,17,37.03703703703704,-0.7237493295057407,-3.3703825164321133,29.629629629629626,0.8702486592071481
"{""mode"": ""break10"", ""stop"": ""swing5"", ""filters"": [[""rvolmean"", 1], [""bbexpand"", 0.8], [""rsislope"", 0]], ""slope"": 0}",3,9,True,27,10,17,37.03703703703704,-0.7237493295057407,-3.3703825164321133,29.629629629629626,0.8702486592071481
"{""mode"": ""break10"", ""stop"": ""swing5"", ""filters"": [[""rvolmean"", 1], [""higherlows"", 3]], ""slope"": 0}",2,9,True,26,10,16,38.46153846153847,-0.7992898706947305,-3.3473317342529008,30.76923076923077,0.8583396022637025
"{""mode"": ""break10"", ""stop"": ""swing5"", ""filters"": [[""rvolmean"", 1], [""higherlows"", 3], [""rsislope"", 0]], ""slope"": 0}",3,9,True,26,10,16,38.46153846153847,-0.7992898706947305,-3.3473317342529008,30.76923076923077,0.8583396022637025
"{""mode"": ""break10"", ""stop"": ""swing5"", ""filters"": [[""rvolmean"", 1], [""higherlows"", 3], [""bbexpand"", 0.8]], ""slope"": 0}",3,9,True,25,10,15,40.0,-0.040183678801242184,-2.5094872008047275,32.0,0.9975945178004115
"{""mode"": ""break10"", ""stop"": ""swing5"", ""filters"": [[""rvolmean"", 1], [""higherlows"", 3], [""bbexpand"", 0.8], [""rsislope"", 0]], ""slope"": 0}",4,9,True,25,10,15,40.0,-0.040183678801242184,-2.5094872008047275,32.0,0.9975945178004115
"{""mode"": ""break10"", ""stop"": ""swing5"", ""filters"": [[""macdhist"", 0]], ""slope"": 0}",1,10,True,34,10,24,29.411764705882355,-3.357003193079522,-6.5924457195990165,23.52941176470588,0.5511972738513778
"{""mode"": ""break10"", ""stop"": ""swing5"", ""filters"": [[""macdhist"", 0], [""rsislope"", 0]], ""slope"": 0}",2,10,True,34,10,24,29.411764705882355,-3.357003193079522,-6.5924457195990165,23.52941176470588,0.5511972738513778
"{""mode"": ""break10"", ""stop"": ""swing5"", ""filters"": [[""macdhist"", 0], [""bbexpand"", 0.8]], ""slope"": 0}",2,10,True,32,10,22,31.25,-2.48026350041769,-5.555408114898497,25.0,0.6259729315965007
"{""mode"": ""break10"", ""stop"": ""swing5"", ""filters"": [[""macdhist"", 0], [""bbexpand"", 0.8], [""rsislope"", 0]], ""slope"": 0}",3,10,True,32,10,22,31.25,-2.48026350041769,-5.555408114898497,25.0,0.6259729315965007
"{""mode"": ""break10"", ""stop"": ""swing5"", ""filters"": [[""macdhist"", 0], [""higherlows"", 3]], ""slope"": 0}",2,10,True,31,10,21,32.25806451612903,-2.3830108566151975,-5.366496061243097,25.806451612903224,0.6356931122825585
"{""mode"": ""break10"", ""stop"": ""swing5"", ""filters"": [[""macdhist"", 0], [""higherlows"", 3], [""rsislope"", 0]], ""slope"": 0}",3,10,True,31,10,21,32.25806451612903,-2.3830108566151975,-5.366496061243097,25.806451612903224,0.6356931122825585
"{""mode"": ""break10"", ""stop"": ""swing5"", ""filters"": [[""macdhist"", 0], [""higherlows"", 3], [""bbexpand"", 0.8]], ""slope"": 0}",3,10,True,29,10,19,34.48275862068966,-1.4974351616568127,-4.315847609893375,27.586206896551722,0.7372637051726691
"{""mode"": ""break10"", ""stop"": ""swing5"", ""filters"": [[""macdhist"", 0], [""higherlows"", 3], [""bbexpand"", 0.8], [""rsislope"", 0]], ""slope"": 0}",4,10,True,29,10,19,34.48275862068966,-1.4974351616568127,-4.315847609893375,27.586206896551722,0.7372637051726691
"{""mode"": ""break10"", ""stop"": ""swing5"", ""filters"": [[""macdhist"", 0], [""rvolmean"", 1]], ""slope"": 0}",2,10,True,26,10,16,38.46153846153847,-1.5390133402027883,-4.068772501504892,30.76923076923077,0.7320383885098009
"{""mode"": ""break10"", ""stop"": ""swing5"", ""filters"": [[""macdhist"", 0], [""rvolmean"", 1], [""rsislope"", 0]], ""slope"": 0}",3,10,True,26,10,16,38.46153846153847,-1.5390133402027883,-4.068772501504892,30.76923076923077,0.7320383885098009
"{""mode"": ""break10"", ""stop"": ""swing5"", ""filters"": [[""macdhist"", 0], [""rvolmean"", 1], [""bbexpand"", 0.8]], ""slope"": 0}",3,10,True,25,10,15,40.0,-0.7855676790178179,-3.237181858548177,32.0,0.8451623881709337
"{""mode"": ""break10"", ""stop"": ""swing5"", ""filters"": [[""macdhist"", 0], [""rvolmean"", 1], [""bbexpand"", 0.8], [""rsislope"", 0]], ""slope"": 0}",4,10,True,25,10,15,40.0,-0.7855676790178179,-3.237181858548177,32.0,0.8451623881709337
"{""mode"": ""break10"", ""stop"": ""swing5"", ""filters"": [[""macdhist"", 0], [""rvolmean"", 1], [""higherlows"", 3]], ""slope"": 0}",3,10,True,24,10,14,41.66666666666667,-0.8610611818512304,-3.2140993016457675,33.33333333333333,0.8325496732733569
"{""mode"": ""break10"", ""stop"": ""swing5"", ""filters"": [[""macdhist"", 0], [""rvolmean"", 1], [""higherlows"", 3], [""rsislope"", 0]], ""slope"": 0}",4,10,True,24,10,14,41.66666666666667,-0.8610611818512304,-3.2140993016457675,33.33333333333333,0.8325496732733569
"{""mode"": ""break10"", ""stop"": ""swing5"", ""filters"": [[""macdhist"", 0], [""rvolmean"", 1], [""higherlows"", 3], [""bbexpand"", 0.8]], ""slope"": 0}",4,10,True,23,10,13,43.47826086956522,-0.10242767795282104,-2.375099827859739,34.78260869565217,0.9820428320846964
"{""mode"": ""break10"", ""stop"": ""swing5"", ""filters"": [[""macdhist"", 0], [""rvolmean"", 1], [""higherlows"", 3], [""bbexpand"", 0.8], [""rsislope"", 0]], ""slope"": 0}",5,10,True,23,10,13,43.47826086956522,-0.10242767795282104,-2.375099827859739,34.78260869565217,0.9820428320846964
"{""mode"": ""break10"", ""stop"": ""swing5"", ""filters"": [[""rsi"", [60, 90]]], ""slope"": 0}",1,9,True,24,10,14,41.66666666666667,-0.3843125955263149,-2.748199725220246,33.33333333333333,0.9293349584235067
"{""mode"": ""break10"", ""stop"": ""swing5"", ""filters"": [[""rsi"", [60, 90]], [""rsislope"", 0]], ""slope"": 0}",2,9,True,23,10,13,43.47826086956522,0.28497899701236395,-1.996128134220232,34.78260869565217,1.0716780283192167
"{""mode"": ""break10"", ""stop"": ""swing5"", ""filters"": [[""rsi"", [60, 90]], [""bbexpand"", 0.8]], ""slope"": 0}",2,9,True,23,10,13,43.47826086956522,0.37796909600489315,-1.9051615485173534,34.78260869565217,1.0947991651313354
"{""mode"": ""break10"", ""stop"": ""swing5"", ""filters"": [[""rsi"", [60, 90]], [""bbexpand"", 0.8], [""rsislope"", 0]], ""slope"": 0}",3,9,True,22,10,12,45.45454545454545,1.0523822586554266,-1.1465705402824988,36.36363636363637,1.297879880553998
"{""mode"": ""break10"", ""stop"": ""swing5"", ""filters"": [[""rsi"", [60, 90]], [""higherlows"", 3]], ""slope"": 0}",2,9,True,22,10,12,45.45454545454545,0.3015902434822415,-1.881761241107116,36.36363636363637,1.0760177313242645
"{""mode"": ""break10"", ""stop"": ""swing5"", ""filters"": [[""rsi"", [60, 90]], [""higherlows"", 3], [""rsislope"", 0]], ""slope"": 0}",3,9,True,21,10,11,47.61904761904761,0.9754902367196783,-1.1229892726600132,38.095238095238095,1.2715681745285499
"{""mode"": ""break10"", ""stop"": ""swing5"", ""filters"": [[""rsi"", [60, 90]], [""higherlows"", 3], [""bbexpand"", 0.8]], ""slope"": 0}",3,9,True,21,10,11,47.61904761904761,1.069120618127184,-1.0312122448841055,38.095238095238095,1.3042503541129584
"{""mode"": ""break10"", ""stop"": ""swing5"", ""filters"": [[""rsi"", [60, 90]], [""higherlows"", 3], [""bbexpand"", 0.8], [""rsislope"", 0]], ""slope"": 0}",4,9,True,20,10,10,50.0,1.7481774459973343,-0.2658627762261556,40.0,1.6030734084492064
"{""mode"": ""break10"", ""stop"": ""swing5"", ""filters"": [[""rsi"", [60, 90]], [""rvolmean"", 1]], ""slope"": 0}",2,9,True,22,10,12,45.45454545454545,0.3178770675102749,-1.86581295292223,36.36363636363637,1.080047502843184
"{""mode"": ""break10"", ""stop"": ""swing5"", ""filters"": [[""rsi"", [60, 90]], [""rvolmean"", 1], [""rsislope"", 0]], ""slope"": 0}",3,9,True,21,10,11,47.61904761904761,0.9918864876329092,-1.1069176525220326,38.095238095238095,1.2771995768248443
"{""mode"": ""break10"", ""stop"": ""swing5"", ""filters"": [[""rsi"", [60, 90]], [""rvolmean"", 1], [""bbexpand"", 0.8]], ""slope"": 0}",3,9,True,21,10,11,47.61904761904761,1.0855320726034456,-1.015125707168052,38.095238095238095,1.310175630575499
"{""mode"": ""break10"", ""stop"": ""swing5"", ""filters"": [[""rsi"", [60, 90]], [""rvolmean"", 1], [""bbexpand"", 0.8], [""rsislope"", 0]], ""slope"": 0}",4,9,True,20,10,10,50.0,1.7646991647179977,-0.24965183744005692,40.0,1.6120341880642826
"{""mode"": ""break10"", ""stop"": ""swing5"", ""filters"": [[""rsi"", [60, 90]], [""rvolmean"", 1], [""higherlows"", 3]], ""slope"": 0}",3,9,True,20,10,10,50.0,1.0086148265595396,-0.9915130836704478,40.0,1.2833681722081287
"{""mode"": ""break10"", ""stop"": ""swing5"", ""filters"": [[""rsi"", [60, 90]], [""rvolmean"", 1], [""higherlows"", 3], [""rsislope"", 0]], ""slope"": 0}",4,9,True,19,10,9,52.63157894736842,1.6872651319365994,-0.22585661183872618,42.10526315789473,1.5716415146061
"{""mode"": ""break10"", ""stop"": ""swing5"", ""filters"": [[""rsi"", [60, 90]], [""rvolmean"", 1], [""higherlows"", 3], [""bbexpand"", 0.8]], ""slope"": 0}",4,9,True,19,10,9,52.63157894736842,1.7815555126643234,-0.13324687109420585,42.10526315789473,1.6218735627015197
"{""mode"": ""break10"", ""stop"": ""swing5"", ""filters"": [[""rsi"", [60, 90]], [""rvolmean"", 1], [""higherlows"", 3], [""bbexpand"", 0.8], [""rsislope"", 0]], ""slope"": 0}",5,9,True,18,10,8,55.55555555555556,2.465399003133162,0.6390467800408084,44.44444444444444,2.111269552366671
"{""mode"": ""break10"", ""stop"": ""swing5"", ""filters"": [[""rsi"", [60, 90]], [""macdhist"", 0]], ""slope"": 0}",2,10,True,22,10,12,45.45454545454545,-0.4463423089699603,-2.6141414094124737,36.36363636363637,0.9082119277492988
"{""mode"": ""break10"", ""stop"": ""swing5"", ""filters"": [[""rsi"", [60, 90]], [""macdhist"", 0], [""rsislope"", 0]], ""slope"": 0}",3,10,True,21,10,11,47.61904761904761,0.2225325222454222,-1.8610331131733493,38.095238095238095,1.063403619142137
"{""mode"": ""break10"", ""stop"": ""swing5"", ""filters"": [[""rsi"", [60, 90]], [""macdhist"", 0], [""bbexpand"", 0.8]], ""slope"": 0}",3,10,True,21,10,11,47.61904761904761,0.31546471721359826,-1.7699411331102977,38.095238095238095,1.0890629254417572
"{""mode"": ""break10"", ""stop"": ""swing5"", ""filters"": [[""rsi"", [60, 90]], [""macdhist"", 0], [""bbexpand"", 0.8], [""rsislope"", 0]], ""slope"": 0}",4,10,True,20,10,10,50.0,0.9894579293893369,-1.0103044328403366,40.0,1.3200750199612319
"{""mode"": ""break10"", ""stop"": ""swing5"", ""filters"": [[""rsi"", [60, 90]], [""macdhist"", 0], [""higherlows"", 3]], ""slope"": 0}",3,10,True,20,10,10,50.0,0.23913342505474944,-1.7465085691681481,40.0,1.0682099583120872
"{""mode"": ""break10"", ""stop"": ""swing5"", ""filters"": [[""rsi"", [60, 90]], [""macdhist"", 0], [""higherlows"", 3], [""rsislope"", 0]], ""slope"": 0}",4,10,True,19,10,9,52.63157894736842,0.9126137873629592,-0.986690659238354,42.10526315789473,1.2895610453135629
"{""mode"": ""break10"", ""stop"": ""swing5"", ""filters"": [[""rsi"", [60, 90]], [""macdhist"", 0], [""higherlows"", 3], [""bbexpand"", 0.8]], ""slope"": 0}",4,10,True,19,10,9,52.63157894736842,1.0061858660485257,-0.8947871199352586,42.10526315789473,1.3274896487714196
"{""mode"": ""break10"", ""stop"": ""swing5"", ""filters"": [[""rsi"", [60, 90]], [""macdhist"", 0], [""higherlows"", 3], [""bbexpand"", 0.8], [""rsislope"", 0]], ""slope"": 0}",5,10,True,18,10,8,55.55555555555556,1.6848198518789825,-0.12838264293314472,44.44444444444444,1.687440013037598
"{""mode"": ""break10"", ""stop"": ""swing5"", ""filters"": [[""rsi"", [60, 90]], [""macdhist"", 0], [""rvolmean"", 1]], ""slope"": 0}",3,10,True,20,10,10,50.0,0.2554101074369042,-1.7305382968076266,40.0,1.0726770736205626
"{""mode"": ""break10"", ""stop"": ""swing5"", ""filters"": [[""rsi"", [60, 90]], [""macdhist"", 0], [""rvolmean"", 1], [""rsislope"", 0]], ""slope"": 0}",4,10,True,19,10,9,52.63157894736842,0.9289998284912837,-0.970596884915842,42.10526315789473,1.2960769426385503
"{""mode"": ""break10"", ""stop"": ""swing5"", ""filters"": [[""rsi"", [60, 90]], [""macdhist"", 0], [""rvolmean"", 1], [""bbexpand"", 0.8]], ""slope"": 0}",4,10,True,19,10,9,52.63157894736842,1.0225871012727206,-0.8786784074712894,42.10526315789473,1.3343955005743129
"{""mode"": ""break10"", ""stop"": ""swing5"", ""filters"": [[""rsi"", [60, 90]], [""macdhist"", 0], [""rvolmean"", 1], [""bbexpand"", 0.8], [""rsislope"", 0]], ""slope"": 0}",5,10,True,18,10,8,55.55555555555556,1.7013312826871463,-0.11214935791650227,44.44444444444444,1.6986144253808826
"{""mode"": ""break10"", ""stop"": ""swing5"", ""filters"": [[""rsi"", [60, 90]], [""macdhist"", 0], [""rvolmean"", 1], [""higherlows"", 3]], ""slope"": 0}",4,10,True,18,10,8,55.55555555555556,0.9457177508449544,-0.8550332347712408,44.44444444444444,1.3032237061933576
"{""mode"": ""break10"", ""stop"": ""swing5"", ""filters"": [[""rsi"", [60, 90]], [""macdhist"", 0], [""rvolmean"", 1], [""higherlows"", 3], [""rsislope"", 0]], ""slope"": 0}",5,10,True,17,10,7,58.82352941176471,1.6239454673198983,-0.08832133140189713,47.05882352941176,1.6484238740526402
"{""mode"": ""break10"", ""stop"": ""swing5"", ""filters"": [[""rsi"", [60, 90]], [""macdhist"", 0], [""rvolmean"", 1], [""higherlows"", 3], [""bbexpand"", 0.8]], ""slope"": 0}",5,10,True,17,10,7,58.82352941176471,1.7181771343505403,0.004416068736512457,47.05882352941176,1.7109109354075356
"{""mode"": ""break10"", ""stop"": ""swing5"", ""filters"": [[""rsi"", [60, 90]], [""macdhist"", 0], [""rvolmean"", 1], [""higherlows"", 3], [""bbexpand"", 0.8], [""rsislope"", 0]], ""slope"": 0}",6,10,True,16,10,6,62.5,2.4015948021718136,0.7777743005361826,50.0,2.3596254289107876
"{""mode"": ""break10"", ""stop"": ""swing5"", ""filters"": [[""rvol"", 1]], ""slope"": 0}",1,9,True,30,10,20,33.33333333333333,-2.227087966378849,-5.120310274731454,26.666666666666668,0.6779976706085705
"{""mode"": ""break10"", ""stop"": ""swing5"", ""filters"": [[""rvol"", 1], [""rsislope"", 0]], ""slope"": 0}",2,9,True,30,10,20,33.33333333333333,-2.227087966378849,-5.120310274731454,26.666666666666668,0.6779976706085705
"{""mode"": ""break10"", ""stop"": ""swing5"", ""filters"": [[""rvol"", 1], [""bbexpand"", 0.8]], ""slope"": 0}",2,9,True,29,10,19,34.48275862068966,-1.4789076073125407,-4.297835005316131,27.586206896551722,0.7620193876864553
"{""mode"": ""break10"", ""stop"": ""swing5"", ""filters"": [[""rvol"", 1], [""bbexpand"", 0.8], [""rsislope"", 0]], ""slope"": 0}",3,9,True,29,10,19,34.48275862068966,-1.4789076073125407,-4.297835005316131,27.586206896551722,0.7620193876864553
"{""mode"": ""break10"", ""stop"": ""swing5"", ""filters"": [[""rvol"", 1], [""higherlows"", 3]], ""slope"": 0}",2,9,True,28,10,18,35.714285714285715,-1.5538735391200653,-4.275005464883108,28.57142857142857,0.7528727295779547
"{""mode"": ""break10"", ""stop"": ""swing5"", ""filters"": [[""rvol"", 1], [""higherlows"", 3], [""rsislope"", 0]], ""slope"": 0}",3,9,True,28,10,18,35.714285714285715,-1.5538735391200653,-4.275005464883108,28.57142857142857,0.7528727295779547
"{""mode"": ""break10"", ""stop"": ""swing5"", ""filters"": [[""rvol"", 1], [""higherlows"", 3], [""bbexpand"", 0.8]], ""slope"": 0}",3,9,True,27,10,17,37.03703703703704,-0.800541591526438,-3.445202575581685,29.629629629629626,0.8579147401806559
"{""mode"": ""break10"", ""stop"": ""swing5"", ""filters"": [[""rvol"", 1], [""higherlows"", 3], [""bbexpand"", 0.8], [""rsislope"", 0]], ""slope"": 0}",4,9,True,27,10,17,37.03703703703704,-0.800541591526438,-3.445202575581685,29.629629629629626,0.8579147401806559
"{""mode"": ""break10"", ""stop"": ""swing5"", ""filters"": [[""rvol"", 1], [""rvolmean"", 1]], ""slope"": 0}",2,9,True,28,10,18,35.714285714285715,-1.477664446254079,-4.200828417814928,28.57142857142857,0.7623545596757761
"{""mode"": ""break10"", ""stop"": ""swing5"", ""filters"": [[""rvol"", 1], [""rvolmean"", 1], [""rsislope"", 0]], ""slope"": 0}",3,9,True,28,10,18,35.714285714285715,-1.477664446254079,-4.200828417814928,28.57142857142857,0.7623545596757761
"{""mode"": ""break10"", ""stop"": ""swing5"", ""filters"": [[""rvol"", 1], [""rvolmean"", 1], [""bbexpand"", 0.8]], ""slope"": 0}",3,9,True,27,10,17,37.03703703703704,-0.7237493295057407,-3.3703825164321133,29.629629629629626,0.8702486592071481
"{""mode"": ""break10"", ""stop"": ""swing5"", ""filters"": [[""rvol"", 1], [""rvolmean"", 1], [""bbexpand"", 0.8], [""rsislope"", 0]], ""slope"": 0}",4,9,True,27,10,17,37.03703703703704,-0.7237493295057407,-3.3703825164321133,29.629629629629626,0.8702486592071481
"{""mode"": ""break10"", ""stop"": ""swing5"", ""filters"": [[""rvol"", 1], [""rvolmean"", 1], [""higherlows"", 3]], ""slope"": 0}",3,9,True,26,10,16,38.46153846153847,-0.7992898706947305,-3.3473317342529008,30.76923076923077,0.8583396022637025
"{""mode"": ""break10"", ""stop"": ""swing5"", ""filters"": [[""rvol"", 1], [""rvolmean"", 1], [""higherlows"", 3], [""rsislope"", 0]], ""slope"": 0}",4,9,True,26,10,16,38.46153846153847,-0.7992898706947305,-3.3473317342529008,30.76923076923077,0.8583396022637025
"{""mode"": ""break10"", ""stop"": ""swing5"", ""filters"": [[""rvol"", 1], [""rvolmean"", 1], [""higherlows"", 3], [""bbexpand"", 0.8]], ""slope"": 0}",4,9,True,25,10,15,40.0,-0.040183678801242184,-2.5094872008047275,32.0,0.9975945178004115
"{""mode"": ""break10"", ""stop"": ""swing5"", ""filters"": [[""rvol"", 1], [""rvolmean"", 1], [""higherlows"", 3], [""bbexpand"", 0.8], [""rsislope"", 0]], ""slope"": 0}",5,9,True,25,10,15,40.0,-0.040183678801242184,-2.5094872008047275,32.0,0.9975945178004115
"{""mode"": ""break10"", ""stop"": ""swing5"", ""filters"": [[""rvol"", 1], [""macdhist"", 0]], ""slope"": 0}",2,10,True,28,10,18,35.714285714285715,-2.2879702016373904,-4.98952183304715,28.57142857142857,0.6453522882009467
"{""mode"": ""break10"", ""stop"": ""swing5"", ""filters"": [[""rvol"", 1], [""macdhist"", 0], [""rsislope"", 0]], ""slope"": 0}",3,10,True,28,10,18,35.714285714285715,-2.2879702016373904,-4.98952183304715,28.57142857142857,0.6453522882009467
"{""mode"": ""break10"", ""stop"": ""swing5"", ""filters"": [[""rvol"", 1], [""macdhist"", 0], [""bbexpand"", 0.8]], ""slope"": 0}",3,10,True,27,10,17,37.03703703703704,-1.5402557271570028,-4.165912809304395,29.629629629629626,0.7316909406569893
"{""mode"": ""break10"", ""stop"": ""swing5"", ""filters"": [[""rvol"", 1], [""macdhist"", 0], [""bbexpand"", 0.8], [""rsislope"", 0]], ""slope"": 0}",4,10,True,27,10,17,37.03703703703704,-1.5402557271570028,-4.165912809304395,29.629629629629626,0.7316909406569893
"{""mode"": ""break10"", ""stop"": ""swing5"", ""filters"": [[""rvol"", 1], [""macdhist"", 0], [""higherlows"", 3]], ""slope"": 0}",3,10,True,26,10,16,38.46153846153847,-1.6151749784126035,-4.143051799122399,30.76923076923077,0.7222186581018266
"{""mode"": ""break10"", ""stop"": ""swing5"", ""filters"": [[""rvol"", 1], [""macdhist"", 0], [""higherlows"", 3], [""rsislope"", 0]], ""slope"": 0}",4,10,True,26,10,16,38.46153846153847,-1.6151749784126035,-4.143051799122399,30.76923076923077,0.7222186581018266
"{""mode"": ""break10"", ""stop"": ""swing5"", ""filters"": [[""rvol"", 1], [""macdhist"", 0], [""higherlows"", 3], [""bbexpand"", 0.8]], ""slope"": 0}",4,10,True,25,10,15,40.0,-0.8623121232486208,-3.312105054617487,32.0,0.8321002930791284
"{""mode"": ""break10"", ""stop"": ""swing5"", ""filters"": [[""rvol"", 1], [""macdhist"", 0], [""higherlows"", 3], [""bbexpand"", 0.8], [""rsislope"", 0]], ""slope"": 0}",5,10,True,25,10,15,40.0,-0.8623121232486208,-3.312105054617487,32.0,0.8321002930791284
"{""mode"": ""break10"", ""stop"": ""swing5"", ""filters"": [[""rvol"", 1], [""macdhist"", 0], [""rvolmean"", 1]], ""slope"": 0}",3,10,True,26,10,16,38.46153846153847,-1.5390133402027883,-4.068772501504892,30.76923076923077,0.7320383885098009
"{""mode"": ""break10"", ""stop"": ""swing5"", ""filters"": [[""rvol"", 1], [""macdhist"", 0], [""rvolmean"", 1], [""rsislope"", 0]], ""slope"": 0}",4,10,True,26,10,16,38.46153846153847,-1.5390133402027883,-4.068772501504892,30.76923076923077,0.7320383885098009
"{""mode"": ""break10"", ""stop"": ""swing5"", ""filters"": [[""rvol"", 1], [""macdhist"", 0], [""rvolmean"", 1], [""bbexpand"", 0.8]], ""slope"": 0}",4,10,True,25,10,15,40.0,-0.7855676790178179,-3.237181858548177,32.0,0.8451623881709337
"{""mode"": ""break10"", ""stop"": ""swing5"", ""filters"": [[""rvol"", 1], [""macdhist"", 0], [""rvolmean"", 1], [""bbexpand"", 0.8], [""rsislope"", 0]], ""slope"": 0}",5,10,True,25,10,15,40.0,-0.7855676790178179,-3.237181858548177,32.0,0.8451623881709337
"{""mode"": ""break10"", ""stop"": ""swing5"", ""filters"": [[""rvol"", 1], [""macdhist"", 0], [""rvolmean"", 1], [""higherlows"", 3]], ""slope"": 0}",4,10,True,24,10,14,41.66666666666667,-0.8610611818512304,-3.2140993016457675,33.33333333333333,0.8325496732733569
"{""mode"": ""break10"", ""stop"": ""swing5"", ""filters"": [[""rvol"", 1], [""macdhist"", 0], [""rvolmean"", 1], [""higherlows"", 3], [""rsislope"", 0]], ""slope"": 0}",5,10,True,24,10,14,41.66666666666667,-0.8610611818512304,-3.2140993016457675,33.33333333333333,0.8325496732733569
"{""mode"": ""break10"", ""stop"": ""swing5"", ""filters"": [[""rvol"", 1], [""macdhist"", 0], [""rvolmean"", 1], [""higherlows"", 3], [""bbexpand"", 0.8]], ""slope"": 0}",5,10,True,23,10,13,43.47826086956522,-0.10242767795282104,-2.375099827859739,34.78260869565217,0.9820428320846964
"{""mode"": ""break10"", ""stop"": ""swing5"", ""filters"": [[""rvol"", 1], [""macdhist"", 0], [""rvolmean"", 1], [""higherlows"", 3], [""bbexpand"", 0.8], [""rsislope"", 0]], ""slope"": 0}",6,10,True,23,10,13,43.47826086956522,-0.10242767795282104,-2.375099827859739,34.78260869565217,0.9820428320846964
"{""mode"": ""break10"", ""stop"": ""swing5"", ""filters"": [[""rvol"", 1], [""rsi"", [60, 90]]], ""slope"": 0}",2,9,True,23,10,13,43.47826086956522,-0.09622026628767211,-2.3690305248905696,34.78260869565217,0.9859175579147195
"{""mode"": ""break10"", ""stop"": ""swing5"", ""filters"": [[""rvol"", 1], [""rsi"", [60, 90]], [""rsislope"", 0]], ""slope"": 0}",3,9,True,22,10,12,45.45454545454545,0.5750069428075433,-1.6140267271556263,36.36363636363637,1.1476294732993442
"{""mode"": ""break10"", ""stop"": ""swing5"", ""filters"": [[""rvol"", 1], [""rsi"", [60, 90]], [""bbexpand"", 0.8]], ""slope"": 0}",3,9,True,22,10,12,45.45454545454545,0.6682659726775064,-1.5227054772978477,36.36363636363637,1.1741846059155123
"{""mode"": ""break10"", ""stop"": ""swing5"", ""filters"": [[""rvol"", 1], [""rsi"", [60, 90]], [""bbexpand"", 0.8], [""rsislope"", 0]], ""slope"": 0}",4,9,True,21,10,11,47.61904761904761,1.3446295636587724,-0.7611568441639571,38.095238095238095,1.4109693313336
"{""mode"": ""break10"", ""stop"": ""swing5"", ""filters"": [[""rvol"", 1], [""rsi"", [60, 90]], [""higherlows"", 3]], ""slope"": 0}",3,9,True,21,10,11,47.61904761904761,0.5916662296294728,-1.4992139358351753,38.095238095238095,1.1526075249437646
"{""mode"": ""break10"", ""stop"": ""swing5"", ""filters"": [[""rvol"", 1], [""rsi"", [60, 90]], [""higherlows"", 3], [""rsislope"", 0]], ""slope"": 0}",4,9,True,20,10,10,50.0,1.2675151670923368,-0.7374836369540949,40.0,1.3799274044197714
"{""mode"": ""break10"", ""stop"": ""swing5"", ""filters"": [[""rvol"", 1], [""rsi"", [60, 90]], [""higherlows"", 3], [""bbexpand"", 0.8]], ""slope"": 0}",4,9,True,20,10,10,50.0,1.3614163310981198,-0.6453487852393858,40.0,1.4185015626124429
"{""mode"": ""break10"", ""stop"": ""swing5"", ""filters"": [[""rvol"", 1], [""rsi"", [60, 90]], [""higherlows"", 3], [""bbexpand"", 0.8], [""rsislope"", 0]], ""slope"": 0}",5,9,True,19,10,9,52.63157894736842,2.042437016954124,0.12298465847286888,42.10526315789473,1.7792104743107482
"{""mode"": ""break10"", ""stop"": ""swing5"", ""filters"": [[""rvol"", 1], [""rsi"", [60, 90]], [""rvolmean"", 1]], ""slope"": 0}",3,9,True,22,10,12,45.45454545454545,0.3178770675102749,-1.86581295292223,36.36363636363637,1.080047502843184
"{""mode"": ""break10"", ""stop"": ""swing5"", ""filters"": [[""rvol"", 1], [""rsi"", [60, 90]], [""rvolmean"", 1], [""rsislope"", 0]], ""slope"": 0}",4,9,True,21,10,11,47.61904761904761,0.9918864876329092,-1.1069176525220326,38.095238095238095,1.2771995768248443
"{""mode"": ""break10"", ""stop"": ""swing5"", ""filters"": [[""rvol"", 1], [""rsi"", [60, 90]], [""rvolmean"", 1], [""bbexpand"", 0.8]], ""slope"": 0}",4,9,True,21,10,11,47.61904761904761,1.0855320726034456,-1.015125707168052,38.095238095238095,1.310175630575499
"{""mode"": ""break10"", ""stop"": ""swing5"", ""filters"": [[""rvol"", 1], [""rsi"", [60, 90]], [""rvolmean"", 1], [""bbexpand"", 0.8], [""rsislope"", 0]], ""slope"": 0}",5,9,True,20,10,10,50.0,1.7646991647179977,-0.24965183744005692,40.0,1.6120341880642826
"{""mode"": ""break10"", ""stop"": ""swing5"", ""filters"": [[""rvol"", 1], [""rsi"", [60, 90]], [""rvolmean"", 1], [""higherlows"", 3]], ""slope"": 0}",4,9,True,20,10,10,50.0,1.0086148265595396,-0.9915130836704478,40.0,1.2833681722081287
"{""mode"": ""break10"", ""stop"": ""swing5"", ""filters"": [[""rvol"", 1], [""rsi"", [60, 90]], [""rvolmean"", 1], [""higherlows"", 3], [""rsislope"", 0]], ""slope"": 0}",5,9,True,19,10,9,52.63157894736842,1.6872651319365994,-0.22585661183872618,42.10526315789473,1.5716415146061
"{""mode"": ""break10"", ""stop"": ""swing5"", ""filters"": [[""rvol"", 1], [""rsi"", [60, 90]], [""rvolmean"", 1], [""higherlows"", 3], [""bbexpand"", 0.8]], ""slope"": 0}",5,9,True,19,10,9,52.63157894736842,1.7815555126643234,-0.13324687109420585,42.10526315789473,1.6218735627015197
"{""mode"": ""break10"", ""stop"": ""swing5"", ""filters"": [[""rvol"", 1], [""rsi"", [60, 90]], [""rvolmean"", 1], [""higherlows"", 3], [""bbexpand"", 0.8], [""rsislope"", 0]], ""slope"": 0}",6,9,True,18,10,8,55.55555555555556,2.465399003133162,0.6390467800408084,44.44444444444444,2.111269552366671
"{""mode"": ""break10"", ""stop"": ""swing5"", ""filters"": [[""rvol"", 1], [""rsi"", [60, 90]], [""macdhist"", 0]], ""slope"": 0}",3,10,True,21,10,11,47.61904761904761,-0.1584293720047425,-2.234449537170724,38.095238095238095,0.9693364037655755
"{""mode"": ""break10"", ""stop"": ""swing5"", ""filters"": [[""rvol"", 1], [""rsi"", [60, 90]], [""macdhist"", 0], [""rsislope"", 0]], ""slope"": 0}",4,10,True,20,10,10,50.0,0.512379870477786,-1.4784049922489162,40.0,1.1481771892848893
"{""mode"": ""break10"", ""stop"": ""swing5"", ""filters"": [[""rvol"", 1], [""rsi"", [60, 90]], [""macdhist"", 0], [""bbexpand"", 0.8]], ""slope"": 0}",4,10,True,20,10,10,50.0,0.6055808288627285,-1.3869578591384046,40.0,1.1781482887186197
"{""mode"": ""break10"", ""stop"": ""swing5"", ""filters"": [[""rvol"", 1], [""rsi"", [60, 90]], [""macdhist"", 0], [""bbexpand"", 0.8], [""rsislope"", 0]], ""slope"": 0}",5,10,True,19,10,9,52.63157894736842,1.281523254856598,-0.6243594569835476,42.10526315789473,1.4532735415507323
"{""mode"": ""break10"", ""stop"": ""swing5"", ""filters"": [[""rvol"", 1], [""rsi"", [60, 90]], [""macdhist"", 0], [""higherlows"", 3]], ""slope"": 0}",4,10,True,19,10,9,52.63157894736842,0.5290287837248275,-1.3634339353807645,42.10526315789473,1.153782406990329
"{""mode"": ""break10"", ""stop"": ""swing5"", ""filters"": [[""rvol"", 1], [""rsi"", [60, 90]], [""macdhist"", 0], [""higherlows"", 3], [""rsislope"", 0]], ""slope"": 0}",5,10,True,18,10,8,55.55555555555556,1.2044568766699681,-0.6006536170586219,44.44444444444444,1.416377096451672
"{""mode"": ""break10"", ""stop"": ""swing5"", ""filters"": [[""rvol"", 1], [""rsi"", [60, 90]], [""macdhist"", 0], [""higherlows"", 3], [""bbexpand"", 0.8]], ""slope"": 0}",5,10,True,18,10,8,55.55555555555556,1.2982995693401334,-0.508391760568494,44.44444444444444,1.4622650618355442
"{""mode"": ""break10"", ""stop"": ""swing5"", ""filters"": [[""rvol"", 1], [""rsi"", [60, 90]], [""macdhist"", 0], [""higherlows"", 3], [""bbexpand"", 0.8], [""rsislope"", 0]], ""slope"": 0}",6,10,True,17,10,7,58.82352941176471,1.978896190281354,0.26100080479651844,47.05882352941176,1.9113783392551473
"{""mode"": ""break10"", ""stop"": ""swing5"", ""filters"": [[""rvol"", 1], [""rsi"", [60, 90]], [""macdhist"", 0], [""rvolmean"", 1]], ""slope"": 0}",4,10,True,20,10,10,50.0,0.2554101074369042,-1.7305382968076266,40.0,1.0726770736205626
"{""mode"": ""break10"", ""stop"": ""swing5"", ""filters"": [[""rvol"", 1], [""rsi"", [60, 90]], [""macdhist"", 0], [""rvolmean"", 1], [""rsislope"", 0]], ""slope"": 0}",5,10,True,19,10,9,52.63157894736842,0.9289998284912837,-0.970596884915842,42.10526315789473,1.2960769426385503
"{""mode"": ""break10"", ""stop"": ""swing5"", ""filters"": [[""rvol"", 1], [""rsi"", [60, 90]], [""macdhist"", 0], [""rvolmean"", 1], [""bbexpand"", 0.8]], ""slope"": 0}",5,10,True,19,10,9,52.63157894736842,1.0225871012727206,-0.8786784074712894,42.10526315789473,1.3343955005743129
"{""mode"": ""break10"", ""stop"": ""swing5"", ""filters"": [[""rvol"", 1], [""rsi"", [60, 90]], [""macdhist"", 0], [""rvolmean"", 1], [""bbexpand"", 0.8], [""rsislope"", 0]], ""slope"": 0}",6,10,True,18,10,8,55.55555555555556,1.7013312826871463,-0.11214935791650227,44.44444444444444,1.6986144253808826
"{""mode"": ""break10"", ""stop"": ""swing5"", ""filters"": [[""rvol"", 1], [""rsi"", [60, 90]], [""macdhist"", 0], [""rvolmean"", 1], [""higherlows"", 3]], ""slope"": 0}",5,10,True,18,10,8,55.55555555555556,0.9457177508449544,-0.8550332347712408,44.44444444444444,1.3032237061933576
"{""mode"": ""break10"", ""stop"": ""swing5"", ""filters"": [[""rvol"", 1], [""rsi"", [60, 90]], [""macdhist"", 0], [""rvolmean"", 1], [""higherlows"", 3], [""rsislope"", 0]], ""slope"": 0}",6,10,True,17,10,7,58.82352941176471,1.6239454673198983,-0.08832133140189713,47.05882352941176,1.6484238740526402
"{""mode"": ""break10"", ""stop"": ""swing5"", ""filters"": [[""rvol"", 1], [""rsi"", [60, 90]], [""macdhist"", 0], [""rvolmean"", 1], [""higherlows"", 3], [""bbexpand"", 0.8]], ""slope"": 0}",6,10,True,17,10,7,58.82352941176471,1.7181771343505403,0.004416068736512457,47.05882352941176,1.7109109354075356
"{""mode"": ""break10"", ""stop"": ""swing5"", ""filters"": [[""rvol"", 1], [""rsi"", [60, 90]], [""macdhist"", 0], [""rvolmean"", 1], [""higherlows"", 3], [""bbexpand"", 0.8], [""rsislope"", 0]], ""slope"": 0}",7,10,True,16,10,6,62.5,2.4015948021718136,0.7777743005361826,50.0,2.3596254289107876
"{""mode"": ""break10"", ""stop"": ""swing5"", ""filters"": [[""eff"", 0.6]], ""slope"": 0}",1,10,True,27,10,17,37.03703703703704,-0.9324506749331274,-3.573719718690982,29.629629629629626,0.8202393559475727
"{""mode"": ""break10"", ""stop"": ""swing5"", ""filters"": [[""eff"", 0.6], [""rsislope"", 0]], ""slope"": 0}",2,10,True,27,10,17,37.03703703703704,-0.9324506749331274,-3.573719718690982,29.629629629629626,0.8202393559475727
"{""mode"": ""break10"", ""stop"": ""swing5"", ""filters"": [[""eff"", 0.6], [""bbexpand"", 0.8]], ""slope"": 0}",2,10,True,25,10,15,40.0,-0.03371558167490907,-2.5031673473814187,32.0,0.9975689170279747
"{""mode"": ""break10"", ""stop"": ""swing5"", ""filters"": [[""eff"", 0.6], [""bbexpand"", 0.8], [""rsislope"", 0]], ""slope"": 0}",3,10,True,25,10,15,40.0,-0.03371558167490907,-2.5031673473814187,32.0,0.9975689170279747
"{""mode"": ""break10"", ""stop"": ""swing5"", ""filters"": [[""eff"", 0.6], [""higherlows"", 3]], ""slope"": 0}",2,10,True,26,10,16,38.46153846153847,-0.6626899549671439,-3.2141017224830315,30.76923076923077,0.8667219508921679
"{""mode"": ""break10"", ""stop"": ""swing5"", ""filters"": [[""eff"", 0.6], [""higherlows"", 3], [""rsislope"", 0]], ""slope"": 0}",3,10,True,26,10,16,38.46153846153847,-0.6626899549671439,-3.2141017224830315,30.76923076923077,0.8667219508921679
"{""mode"": ""break10"", ""stop"": ""swing5"", ""filters"": [[""eff"", 0.6], [""higherlows"", 3], [""bbexpand"", 0.8]], ""slope"": 0}",3,10,True,24,10,14,41.66666666666667,0.23849239198290295,-2.1395567684721284,33.33333333333333,1.0671752267386827
"{""mode"": ""break10"", ""stop"": ""swing5"", ""filters"": [[""eff"", 0.6], [""higherlows"", 3], [""bbexpand"", 0.8], [""rsislope"", 0]], ""slope"": 0}",4,10,True,24,10,14,41.66666666666667,0.23849239198290295,-2.1395567684721284,33.33333333333333,1.0671752267386827
"{""mode"": ""break10"", ""stop"": ""swing5"", ""filters"": [[""eff"", 0.6], [""rvolmean"", 1]], ""slope"": 0}",2,10,True,23,10,13,43.47826086956522,0.25665573218556226,-2.0238317828729757,34.78260869565217,1.0725501557844848
"{""mode"": ""break10"", ""stop"": ""swing5"", ""filters"": [[""eff"", 0.6], [""rvolmean"", 1], [""rsislope"", 0]], ""slope"": 0}",3,10,True,23,10,13,43.47826086956522,0.25665573218556226,-2.0238317828729757,34.78260869565217,1.0725501557844848
"{""mode"": ""break10"", ""stop"": ""swing5"", ""filters"": [[""eff"", 0.6], [""rvolmean"", 1], [""bbexpand"", 0.8]], ""slope"": 0}",3,10,True,22,10,12,45.45454545454545,1.0238422578227047,-1.1745143411317716,36.36363636363637,1.3341991006742202
"{""mode"": ""break10"", ""stop"": ""swing5"", ""filters"": [[""eff"", 0.6], [""rvolmean"", 1], [""bbexpand"", 0.8], [""rsislope"", 0]], ""slope"": 0}",4,10,True,22,10,12,45.45454545454545,1.0238422578227047,-1.1745143411317716,36.36363636363637,1.3341991006742202
"{""mode"": ""break10"", ""stop"": ""swing5"", ""filters"": [[""eff"", 0.6], [""rvolmean"", 1], [""higherlows"", 3]], ""slope"": 0}",3,10,True,22,10,12,45.45454545454545,0.5296543862953751,-1.658433540945714,36.36363636363637,1.1534377136495495
"{""mode"": ""break10"", ""stop"": ""swing5"", ""filters"": [[""eff"", 0.6], [""rvolmean"", 1], [""higherlows"", 3], [""rsislope"", 0]], ""slope"": 0}",4,10,True,22,10,12,45.45454545454545,0.5296543862953751,-1.658433540945714,36.36363636363637,1.1534377136495495
"{""mode"": ""break10"", ""stop"": ""swing5"", ""filters"": [[""eff"", 0.6], [""rvolmean"", 1], [""higherlows"", 3], [""bbexpand"", 0.8]], ""slope"": 0}",4,10,True,21,10,11,47.61904761904761,1.2989299591625647,-0.8059486034175167,38.095238095238095,1.461711453542982
"{""mode"": ""break10"", ""stop"": ""swing5"", ""filters"": [[""eff"", 0.6], [""rvolmean"", 1], [""higherlows"", 3], [""bbexpand"", 0.8], [""rsislope"", 0]], ""slope"": 0}",5,10,True,21,10,11,47.61904761904761,1.2989299591625647,-0.8059486034175167,38.095238095238095,1.461711453542982
"{""mode"": ""break10"", ""stop"": ""swing5"", ""filters"": [[""eff"", 0.6], [""macdhist"", 0]], ""slope"": 0}",2,10,True,25,10,15,40.0,-0.48354623875455083,-2.942326496384462,32.0,0.9005538642294688
"{""mode"": ""break10"", ""stop"": ""swing5"", ""filters"": [[""eff"", 0.6], [""macdhist"", 0], [""rsislope"", 0]], ""slope"": 0}",3,10,True,25,10,15,40.0,-0.48354623875455083,-2.942326496384462,32.0,0.9005538642294688
"{""mode"": ""break10"", ""stop"": ""swing5"", ""filters"": [[""eff"", 0.6], [""macdhist"", 0], [""bbexpand"", 0.8]], ""slope"": 0}",3,10,True,23,10,13,43.47826086956522,0.41926128965590337,-1.8647642154382638,34.78260869565217,1.1189331628831416
"{""mode"": ""break10"", ""stop"": ""swing5"", ""filters"": [[""eff"", 0.6], [""macdhist"", 0], [""bbexpand"", 0.8], [""rsislope"", 0]], ""slope"": 0}",4,10,True,23,10,13,43.47826086956522,0.41926128965590337,-1.8647642154382638,34.78260869565217,1.1189331628831416
"{""mode"": ""break10"", ""stop"": ""swing5"", ""filters"": [[""eff"", 0.6], [""macdhist"", 0], [""higherlows"", 3]], ""slope"": 0}",3,10,True,24,10,14,41.66666666666667,-0.21256315299139628,-2.580353744141528,33.33333333333333,0.9568975292269165
"{""mode"": ""break10"", ""stop"": ""swing5"", ""filters"": [[""eff"", 0.6], [""macdhist"", 0], [""higherlows"", 3], [""rsislope"", 0]], ""slope"": 0}",4,10,True,24,10,14,41.66666666666667,-0.21256315299139628,-2.580353744141528,33.33333333333333,0.9568975292269165
"{""mode"": ""break10"", ""stop"": ""swing5"", ""filters"": [[""eff"", 0.6], [""macdhist"", 0], [""higherlows"", 3], [""bbexpand"", 0.8]], ""slope"": 0}",4,10,True,22,10,12,45.45454545454545,0.6927027183427636,-1.498772737313414,36.36363636363637,1.2072561037804703
"{""mode"": ""break10"", ""stop"": ""swing5"", ""filters"": [[""eff"", 0.6], [""macdhist"", 0], [""higherlows"", 3], [""bbexpand"", 0.8], [""rsislope"", 0]], ""slope"": 0}",5,10,True,22,10,12,45.45454545454545,0.6927027183427636,-1.498772737313414,36.36363636363637,1.2072561037804703
"{""mode"": ""break10"", ""stop"": ""swing5"", ""filters"": [[""eff"", 0.6], [""macdhist"", 0], [""rvolmean"", 1]], ""slope"": 0}",3,10,True,21,10,11,47.61904761904761,0.7109483620247659,-1.3822899917825815,38.095238095238095,1.2141392548386418
"{""mode"": ""break10"", ""stop"": ""swing5"", ""filters"": [[""eff"", 0.6], [""macdhist"", 0], [""rvolmean"", 1], [""rsislope"", 0]], ""slope"": 0}",4,10,True,21,10,11,47.61904761904761,0.7109483620247659,-1.3822899917825815,38.095238095238095,1.2141392548386418
"{""mode"": ""break10"", ""stop"": ""swing5"", ""filters"": [[""eff"", 0.6], [""macdhist"", 0], [""rvolmean"", 1], [""bbexpand"", 0.8]], ""slope"": 0}",4,10,True,20,10,10,50.0,1.4816112372544765,-0.5274112728176128,40.0,1.5605864671576435
"{""mode"": ""break10"", ""stop"": ""swing5"", ""filters"": [[""eff"", 0.6], [""macdhist"", 0], [""rvolmean"", 1], [""bbexpand"", 0.8], [""rsislope"", 0]], ""slope"": 0}",5,10,True,20,10,10,50.0,1.4816112372544765,-0.5274112728176128,40.0,1.5605864671576435
"{""mode"": ""break10"", ""stop"": ""swing5"", ""filters"": [[""eff"", 0.6], [""macdhist"", 0], [""rvolmean"", 1], [""higherlows"", 3]], ""slope"": 0}",4,10,True,20,10,10,50.0,0.9851840539712553,-1.0144991451346397,40.0,1.3188349734159617
"{""mode"": ""break10"", ""stop"": ""swing5"", ""filters"": [[""eff"", 0.6], [""macdhist"", 0], [""rvolmean"", 1], [""higherlows"", 3], [""rsislope"", 0]], ""slope"": 0}",5,10,True,20,10,10,50.0,0.9851840539712553,-1.0144991451346397,40.0,1.3188349734159617
"{""mode"": ""break10"", ""stop"": ""swing5"", ""filters"": [[""eff"", 0.6], [""macdhist"", 0], [""rvolmean"", 1], [""higherlows"", 3], [""bbexpand"", 0.8]], ""slope"": 0}",5,10,True,19,10,9,52.63157894736842,1.757945442523301,-0.15643218981941098,42.10526315789473,1.7379185073215209
"{""mode"": ""break10"", ""stop"": ""swing5"", ""filters"": [[""eff"", 0.6], [""macdhist"", 0], [""rvolmean"", 1], [""higherlows"", 3], [""bbexpand"", 0.8], [""rsislope"", 0]], ""slope"": 0}",6,10,True,19,10,9,52.63157894736842,1.757945442523301,-0.15643218981941098,42.10526315789473,1.7379185073215209
"{""mode"": ""break10"", ""stop"": ""swing5"", ""filters"": [[""eff"", 0.6], [""rsi"", [60, 90]]], ""slope"": 0}",2,10,True,23,10,13,43.47826086956522,-0.48401273084447416,-2.748377073306807,34.78260869565217,0.900691632147777
"{""mode"": ""break10"", ""stop"": ""swing5"", ""filters"": [[""eff"", 0.6], [""rsi"", [60, 90]], [""rsislope"", 0]], ""slope"": 0}",3,10,True,22,10,12,45.45454545454545,0.1846090027183056,-1.996306853782237,36.36363636363637,1.0531082310147006
"{""mode"": ""break10"", ""stop"": ""swing5"", ""filters"": [[""eff"", 0.6], [""rsi"", [60, 90]], [""bbexpand"", 0.8]], ""slope"": 0}",3,10,True,22,10,12,45.45454545454545,0.2775060327806722,-1.905340433965752,36.36363636363637,1.0782672216613964
"{""mode"": ""break10"", ""stop"": ""swing5"", ""filters"": [[""eff"", 0.6], [""rsi"", [60, 90]], [""bbexpand"", 0.8], [""rsislope"", 0]], ""slope"": 0}",4,10,True,21,10,11,47.61904761904761,0.9512442105434893,-1.1467508090951872,38.095238095238095,1.3042468756769152
"{""mode"": ""break10"", ""stop"": ""swing5"", ""filters"": [[""eff"", 0.6], [""rsi"", [60, 90]], [""higherlows"", 3]], ""slope"": 0}",3,10,True,22,10,12,45.45454545454545,-0.2130309153382859,-2.3856809943660795,36.36363636363637,0.9570530769761344
"{""mode"": ""break10"", ""stop"": ""swing5"", ""filters"": [[""eff"", 0.6], [""rsi"", [60, 90]], [""higherlows"", 3], [""rsislope"", 0]], ""slope"": 0}",4,10,True,21,10,11,47.61904761904761,0.45741147374147584,-1.6308059587212154,38.095238095238095,1.1309834388321405
"{""mode"": ""break10"", ""stop"": ""swing5"", ""filters"": [[""eff"", 0.6], [""rsi"", [60, 90]], [""higherlows"", 3], [""bbexpand"", 0.8]], ""slope"": 0}",4,10,True,21,10,11,47.61904761904761,0.5505614622133947,-1.539500283242079,38.095238095238095,1.160052272572501
"{""mode"": ""break10"", ""stop"": ""swing5"", ""filters"": [[""eff"", 0.6], [""rsi"", [60, 90]], [""higherlows"", 3], [""bbexpand"", 0.8], [""rsislope"", 0]], ""slope"": 0}",5,10,True,20,10,10,50.0,1.2261342275595277,-0.7780815283869758,40.0,1.4258374128154436
"{""mode"": ""break10"", ""stop"": ""swing5"", ""filters"": [[""eff"", 0.6], [""rsi"", [60, 90]], [""rvolmean"", 1]], ""slope"": 0}",3,10,True,21,10,11,47.61904761904761,0.21747414725681313,-1.8659919101266076,38.095238095238095,1.062202224223688
"{""mode"": ""break10"", ""stop"": ""swing5"", ""filters"": [[""eff"", 0.6], [""rsi"", [60, 90]], [""rvolmean"", 1], [""rsislope"", 0]], ""slope"": 0}",4,10,True,20,10,10,50.0,0.8908089865765634,-1.1070979936455672,40.0,1.2808157308270463
"{""mode"": ""break10"", ""stop"": ""swing5"", ""filters"": [[""eff"", 0.6], [""rsi"", [60, 90]], [""rvolmean"", 1], [""bbexpand"", 0.8]], ""slope"": 0}",4,10,True,20,10,10,50.0,0.9843608465752718,-1.0153062156830872,40.0,1.3182241822602085
"{""mode"": ""break10"", ""stop"": ""swing5"", ""filters"": [[""eff"", 0.6], [""rsi"", [60, 90]], [""rvolmean"", 1], [""bbexpand"", 0.8], [""rsislope"", 0]], ""slope"": 0}",5,10,True,19,10,9,52.63157894736842,1.66284819584257,-0.24983374187093066,42.10526315789473,1.6724969185577638
"{""mode"": ""break10"", ""stop"": ""swing5"", ""filters"": [[""eff"", 0.6], [""rsi"", [60, 90]], [""rvolmean"", 1], [""higherlows"", 3]], ""slope"": 0}",4,10,True,20,10,10,50.0,0.49036610999664276,-1.5000050106405038,40.0,1.14147882729907
"{""mode"": ""break10"", ""stop"": ""swing5"", ""filters"": [[""eff"", 0.6], [""rsi"", [60, 90]], [""rvolmean"", 1], [""higherlows"", 3], [""rsislope"", 0]], ""slope"": 0}",5,10,True,19,10,9,52.63157894736842,1.1655344386100497,-0.7382808293314169,42.10526315789473,1.3978806330691564
"{""mode"": ""break10"", ""stop"": ""swing5"", ""filters"": [[""eff"", 0.6], [""rsi"", [60, 90]], [""rvolmean"", 1], [""higherlows"", 3], [""bbexpand"", 0.8]], ""slope"": 0}",5,10,True,19,10,9,52.63157894736842,1.259341040118711,-0.646146717565721,42.10526315789473,1.44255901967285
"{""mode"": ""break10"", ""stop"": ""swing5"", ""filters"": [[""eff"", 0.6], [""rsi"", [60, 90]], [""rvolmean"", 1], [""higherlows"", 3], [""bbexpand"", 0.8], [""rsislope"", 0]], ""slope"": 0}",6,10,True,18,10,8,55.55555555555556,1.9396759089529425,0.1221805555437161,44.44444444444444,1.8778473277868593
"{""mode"": ""break10"", ""stop"": ""swing5"", ""filters"": [[""eff"", 0.6], [""rsi"", [60, 90]], [""macdhist"", 0]], ""slope"": 0}",3,10,True,21,10,11,47.61904761904761,-0.0330762893944514,-2.1115795592361097,38.095238095238095,0.9984730131025519
"{""mode"": ""break10"", ""stop"": ""swing5"", ""filters"": [[""eff"", 0.6], [""rsi"", [60, 90]], [""macdhist"", 0], [""rsislope"", 0]], ""slope"": 0}",4,10,True,20,10,10,50.0,0.6385751674668594,-1.3545848311862563,40.0,1.1892848690576991
"{""mode"": ""break10"", ""stop"": ""swing5"", ""filters"": [[""eff"", 0.6], [""rsi"", [60, 90]], [""macdhist"", 0], [""bbexpand"", 0.8]], ""slope"": 0}",4,10,True,20,10,10,50.0,0.7318931415133179,-1.2630227689706341,40.0,1.2214705496504261
"{""mode"": ""break10"", ""stop"": ""swing5"", ""filters"": [[""eff"", 0.6], [""rsi"", [60, 90]], [""macdhist"", 0], [""bbexpand"", 0.8], [""rsislope"", 0]], ""slope"": 0}",5,10,True,19,10,9,52.63157894736842,1.4086842267002408,-0.4994659469183649,42.10526315789473,1.519762775030965
"{""mode"": ""break10"", ""stop"": ""swing5"", ""filters"": [[""eff"", 0.6], [""rsi"", [60, 90]], [""macdhist"", 0], [""higherlows"", 3]], ""slope"": 0}",4,10,True,20,10,10,50.0,0.23913342505474944,-1.7465085691681481,40.0,1.0682099583120872
"{""mode"": ""break10"", ""stop"": ""swing5"", ""filters"": [[""eff"", 0.6], [""rsi"", [60, 90]], [""macdhist"", 0], [""higherlows"", 3], [""rsislope"", 0]], ""slope"": 0}",5,10,True,19,10,9,52.63157894736842,0.9126137873629592,-0.986690659238354,42.10526315789473,1.2895610453135629
"{""mode"": ""break10"", ""stop"": ""swing5"", ""filters"": [[""eff"", 0.6], [""rsi"", [60, 90]], [""macdhist"", 0], [""higherlows"", 3], [""bbexpand"", 0.8]], ""slope"": 0}",5,10,True,19,10,9,52.63157894736842,1.0061858660485257,-0.8947871199352586,42.10526315789473,1.3274896487714196
"{""mode"": ""break10"", ""stop"": ""swing5"", ""filters"": [[""eff"", 0.6], [""rsi"", [60, 90]], [""macdhist"", 0], [""higherlows"", 3], [""bbexpand"", 0.8], [""rsislope"", 0]], ""slope"": 0}",6,10,True,18,10,8,55.55555555555556,1.6848198518789825,-0.12838264293314472,44.44444444444444,1.687440013037598
"{""mode"": ""break10"", ""stop"": ""swing5"", ""filters"": [[""eff"", 0.6], [""rsi"", [60, 90]], [""macdhist"", 0], [""rvolmean"", 1]], ""slope"": 0}",4,10,True,19,10,9,52.63157894736842,0.6715892337187057,-1.223416593470661,42.10526315789473,1.2008957619160119
"{""mode"": ""break10"", ""stop"": ""swing5"", ""filters"": [[""eff"", 0.6], [""rsi"", [60, 90]], [""macdhist"", 0], [""rvolmean"", 1], [""rsislope"", 0]], ""slope"": 0}",5,10,True,18,10,8,55.55555555555556,1.3479751528164607,-0.4595534873255813,44.44444444444444,1.4880424109887398
"{""mode"": ""break10"", ""stop"": ""swing5"", ""filters"": [[""eff"", 0.6], [""rsi"", [60, 90]], [""macdhist"", 0], [""rvolmean"", 1], [""bbexpand"", 0.8]], ""slope"": 0}",5,10,True,18,10,8,55.55555555555556,1.4419509240278128,-0.3671606625706647,44.44444444444444,1.538774662772199
"{""mode"": ""break10"", ""stop"": ""swing5"", ""filters"": [[""eff"", 0.6], [""rsi"", [60, 90]], [""macdhist"", 0], [""rvolmean"", 1], [""bbexpand"", 0.8], [""rsislope"", 0]], ""slope"": 0}",6,10,True,17,10,7,58.82352941176471,2.1235127006232757,0.40332407688543626,47.05882352941176,2.0442379295246034
"{""mode"": ""break10"", ""stop"": ""swing5"", ""filters"": [[""eff"", 0.6], [""rsi"", [60, 90]], [""macdhist"", 0], [""rvolmean"", 1], [""higherlows"", 3]], ""slope"": 0}",5,10,True,18,10,8,55.55555555555556,0.9457177508449544,-0.8550332347712408,44.44444444444444,1.3032237061933576
"{""mode"": ""break10"", ""stop"": ""swing5"", ""filters"": [[""eff"", 0.6], [""rsi"", [60, 90]], [""macdhist"", 0], [""rvolmean"", 1], [""higherlows"", 3], [""rsislope"", 0]], ""slope"": 0}",6,10,True,17,10,7,58.82352941176471,1.6239454673198983,-0.08832133140189713,47.05882352941176,1.6484238740526402
"{""mode"": ""break10"", ""stop"": ""swing5"", ""filters"": [[""eff"", 0.6], [""rsi"", [60, 90]], [""macdhist"", 0], [""rvolmean"", 1], [""higherlows"", 3], [""bbexpand"", 0.8]], ""slope"": 0}",6,10,True,17,10,7,58.82352941176471,1.7181771343505403,0.004416068736512457,47.05882352941176,1.7109109354075356
"{""mode"": ""break10"", ""stop"": ""swing5"", ""filters"": [[""eff"", 0.6], [""rsi"", [60, 90]], [""macdhist"", 0], [""rvolmean"", 1], [""higherlows"", 3], [""bbexpand"", 0.8], [""rsislope"", 0]], ""slope"": 0}",7,10,True,16,10,6,62.5,2.4015948021718136,0.7777743005361826,50.0,2.3596254289107876
"{""mode"": ""break10"", ""stop"": ""swing5"", ""filters"": [[""eff"", 0.6], [""rvol"", 1]], ""slope"": 0}",2,10,True,25,10,15,40.0,-0.5059601298162075,-2.9642084854895057,32.0,0.8961777893253842
"{""mode"": ""break10"", ""stop"": ""swing5"", ""filters"": [[""eff"", 0.6], [""rvol"", 1], [""rsislope"", 0]], ""slope"": 0}",3,10,True,25,10,15,40.0,-0.5059601298162075,-2.9642084854895057,32.0,0.8961777893253842
"{""mode"": ""break10"", ""stop"": ""swing5"", ""filters"": [[""eff"", 0.6], [""rvol"", 1], [""bbexpand"", 0.8]], ""slope"": 0}",3,10,True,24,10,14,41.66666666666667,0.25539068736550874,-2.1230428050375227,33.33333333333333,1.0718044607204003
"{""mode"": ""break10"", ""stop"": ""swing5"", ""filters"": [[""eff"", 0.6], [""rvol"", 1], [""bbexpand"", 0.8], [""rsislope"", 0]], ""slope"": 0}",4,10,True,24,10,14,41.66666666666667,0.25539068736550874,-2.1230428050375227,33.33333333333333,1.0718044607204003
"{""mode"": ""break10"", ""stop"": ""swing5"", ""filters"": [[""eff"", 0.6], [""rvol"", 1], [""higherlows"", 3]], ""slope"": 0}",3,10,True,24,10,14,41.66666666666667,-0.235038077029337,-2.602317341258964,33.33333333333333,0.9519582428316955
"{""mode"": ""break10"", ""stop"": ""swing5"", ""filters"": [[""eff"", 0.6], [""rvol"", 1], [""higherlows"", 3], [""rsislope"", 0]], ""slope"": 0}",4,10,True,24,10,14,41.66666666666667,-0.235038077029337,-2.602317341258964,33.33333333333333,0.9519582428316955
"{""mode"": ""break10"", ""stop"": ""swing5"", ""filters"": [[""eff"", 0.6], [""rvol"", 1], [""higherlows"", 3], [""bbexpand"", 0.8]], ""slope"": 0}",4,10,True,23,10,13,43.47826086956522,0.5283858967611188,-1.758014566691124,34.78260869565217,1.152575347756713
"{""mode"": ""break10"", ""stop"": ""swing5"", ""filters"": [[""eff"", 0.6], [""rvol"", 1], [""higherlows"", 3], [""bbexpand"", 0.8], [""rsislope"", 0]], ""slope"": 0}",5,10,True,23,10,13,43.47826086956522,0.5283858967611188,-1.758014566691124,34.78260869565217,1.152575347756713
"{""mode"": ""break10"", ""stop"": ""swing5"", ""filters"": [[""eff"", 0.6], [""rvol"", 1], [""rvolmean"", 1]], ""slope"": 0}",3,10,True,23,10,13,43.47826086956522,0.25665573218556226,-2.0238317828729757,34.78260869565217,1.0725501557844848
"{""mode"": ""break10"", ""stop"": ""swing5"", ""filters"": [[""eff"", 0.6], [""rvol"", 1], [""rvolmean"", 1], [""rsislope"", 0]], ""slope"": 0}",4,10,True,23,10,13,43.47826086956522,0.25665573218556226,-2.0238317828729757,34.78260869565217,1.0725501557844848
"{""mode"": ""break10"", ""stop"": ""swing5"", ""filters"": [[""eff"", 0.6], [""rvol"", 1], [""rvolmean"", 1], [""bbexpand"", 0.8]], ""slope"": 0}",4,10,True,22,10,12,45.45454545454545,1.0238422578227047,-1.1745143411317716,36.36363636363637,1.3341991006742202
"{""mode"": ""break10"", ""stop"": ""swing5"", ""filters"": [[""eff"", 0.6], [""rvol"", 1], [""rvolmean"", 1], [""bbexpand"", 0.8], [""rsislope"", 0]], ""slope"": 0}",5,10,True,22,10,12,45.45454545454545,1.0238422578227047,-1.1745143411317716,36.36363636363637,1.3341991006742202
"{""mode"": ""break10"", ""stop"": ""swing5"", ""filters"": [[""eff"", 0.6], [""rvol"", 1], [""rvolmean"", 1], [""higherlows"", 3]], ""slope"": 0}",4,10,True,22,10,12,45.45454545454545,0.5296543862953751,-1.658433540945714,36.36363636363637,1.1534377136495495
"{""mode"": ""break10"", ""stop"": ""swing5"", ""filters"": [[""eff"", 0.6], [""rvol"", 1], [""rvolmean"", 1], [""higherlows"", 3], [""rsislope"", 0]], ""slope"": 0}",5,10,True,22,10,12,45.45454545454545,0.5296543862953751,-1.658433540945714,36.36363636363637,1.1534377136495495
"{""mode"": ""break10"", ""stop"": ""swing5"", ""filters"": [[""eff"", 0.6], [""rvol"", 1], [""rvolmean"", 1], [""higherlows"", 3], [""bbexpand"", 0.8]], ""slope"": 0}",5,10,True,21,10,11,47.61904761904761,1.2989299591625647,-0.8059486034175167,38.095238095238095,1.461711453542982
"{""mode"": ""break10"", ""stop"": ""swing5"", ""filters"": [[""eff"", 0.6], [""rvol"", 1], [""rvolmean"", 1], [""higherlows"", 3], [""bbexpand"", 0.8], [""rsislope"", 0]], ""slope"": 0}",6,10,True,21,10,11,47.61904761904761,1.2989299591625647,-0.8059486034175167,38.095238095238095,1.461711453542982
"{""mode"": ""break10"", ""stop"": ""swing5"", ""filters"": [[""eff"", 0.6], [""rvol"", 1], [""macdhist"", 0]], ""slope"": 0}",3,10,True,23,10,13,43.47826086956522,-0.05512313853762718,-2.328824221939485,34.78260869565217,0.9929289186720859
"{""mode"": ""break10"", ""stop"": ""swing5"", ""filters"": [[""eff"", 0.6], [""rvol"", 1], [""macdhist"", 0], [""rsislope"", 0]], ""slope"": 0}",4,10,True,23,10,13,43.47826086956522,-0.05512313853762718,-2.328824221939485,34.78260869565217,0.9929289186720859
"{""mode"": ""break10"", ""stop"": ""swing5"", ""filters"": [[""eff"", 0.6], [""rvol"", 1], [""macdhist"", 0], [""bbexpand"", 0.8]], ""slope"": 0}",4,10,True,22,10,12,45.45454545454545,0.7096775849116277,-1.4821506414843033,36.36363636363637,1.213183771340756
"{""mode"": ""break10"", ""stop"": ""swing5"", ""filters"": [[""eff"", 0.6], [""rvol"", 1], [""macdhist"", 0], [""bbexpand"", 0.8], [""rsislope"", 0]], ""slope"": 0}",5,10,True,22,10,12,45.45454545454545,0.7096775849116277,-1.4821506414843033,36.36363636363637,1.213183771340756
"{""mode"": ""break10"", ""stop"": ""swing5"", ""filters"": [[""eff"", 0.6], [""rvol"", 1], [""macdhist"", 0], [""higherlows"", 3]], ""slope"": 0}",4,10,True,22,10,12,45.45454545454545,0.21702654238964225,-1.9645634372435383,36.36363636363637,1.0618668400383666
"{""mode"": ""break10"", ""stop"": ""swing5"", ""filters"": [[""eff"", 0.6], [""rvol"", 1], [""macdhist"", 0], [""higherlows"", 3], [""rsislope"", 0]], ""slope"": 0}",5,10,True,22,10,12,45.45454545454545,0.21702654238964225,-1.9645634372435383,36.36363636363637,1.0618668400383666
"{""mode"": ""break10"", ""stop"": ""swing5"", ""filters"": [[""eff"", 0.6], [""rvol"", 1], [""macdhist"", 0], [""higherlows"", 3], [""bbexpand"", 0.8]], ""slope"": 0}",5,10,True,21,10,11,47.61904761904761,0.9839098165348226,-1.1147322211773836,38.095238095238095,1.317707678288268
"{""mode"": ""break10"", ""stop"": ""swing5"", ""filters"": [[""eff"", 0.6], [""rvol"", 1], [""macdhist"", 0], [""higherlows"", 3], [""bbexpand"", 0.8], [""rsislope"", 0]], ""slope"": 0}",6,10,True,21,10,11,47.61904761904761,0.9839098165348226,-1.1147322211773836,38.095238095238095,1.317707678288268
"{""mode"": ""break10"", ""stop"": ""swing5"", ""filters"": [[""eff"", 0.6], [""rvol"", 1], [""macdhist"", 0], [""rvolmean"", 1]], ""slope"": 0}",4,10,True,21,10,11,47.61904761904761,0.7109483620247659,-1.3822899917825815,38.095238095238095,1.2141392548386418
"{""mode"": ""break10"", ""stop"": ""swing5"", ""filters"": [[""eff"", 0.6], [""rvol"", 1], [""macdhist"", 0], [""rvolmean"", 1], [""rsislope"", 0]], ""slope"": 0}",5,10,True,21,10,11,47.61904761904761,0.7109483620247659,-1.3822899917825815,38.095238095238095,1.2141392548386418
"{""mode"": ""break10"", ""stop"": ""swing5"", ""filters"": [[""eff"", 0.6], [""rvol"", 1], [""macdhist"", 0], [""rvolmean"", 1], [""bbexpand"", 0.8]], ""slope"": 0}",5,10,True,20,10,10,50.0,1.4816112372544765,-0.5274112728176128,40.0,1.5605864671576435
"{""mode"": ""break10"", ""stop"": ""swing5"", ""filters"": [[""eff"", 0.6], [""rvol"", 1], [""macdhist"", 0], [""rvolmean"", 1], [""bbexpand"", 0.8], [""rsislope"", 0]], ""slope"": 0}",6,10,True,20,10,10,50.0,1.4816112372544765,-0.5274112728176128,40.0,1.5605864671576435
"{""mode"": ""break10"", ""stop"": ""swing5"", ""filters"": [[""eff"", 0.6], [""rvol"", 1], [""macdhist"", 0], [""rvolmean"", 1], [""higherlows"", 3]], ""slope"": 0}",5,10,True,20,10,10,50.0,0.9851840539712553,-1.0144991451346397,40.0,1.3188349734159617
"{""mode"": ""break10"", ""stop"": ""swing5"", ""filters"": [[""eff"", 0.6], [""rvol"", 1], [""macdhist"", 0], [""rvolmean"", 1], [""higherlows"", 3], [""rsislope"", 0]], ""slope"": 0}",6,10,True,20,10,10,50.0,0.9851840539712553,-1.0144991451346397,40.0,1.3188349734159617
"{""mode"": ""break10"", ""stop"": ""swing5"", ""filters"": [[""eff"", 0.6], [""rvol"", 1], [""macdhist"", 0], [""rvolmean"", 1], [""higherlows"", 3], [""bbexpand"", 0.8]], ""slope"": 0}",6,10,True,19,10,9,52.63157894736842,1.757945442523301,-0.15643218981941098,42.10526315789473,1.7379185073215209
"{""mode"": ""break10"", ""stop"": ""swing5"", ""filters"": [[""eff"", 0.6], [""rvol"", 1], [""macdhist"", 0], [""rvolmean"", 1], [""higherlows"", 3], [""bbexpand"", 0.8], [""rsislope"", 0]], ""slope"": 0}",7,10,True,19,10,9,52.63157894736842,1.757945442523301,-0.15643218981941098,42.10526315789473,1.7379185073215209
"{""mode"": ""break10"", ""stop"": ""swing5"", ""filters"": [[""eff"", 0.6], [""rvol"", 1], [""rsi"", [60, 90]]], ""slope"": 0}",3,10,True,22,10,12,45.45454545454545,-0.19620873816165174,-2.369208564428915,36.36363636363637,0.9607745540981056
"{""mode"": ""break10"", ""stop"": ""swing5"", ""filters"": [[""eff"", 0.6], [""rvol"", 1], [""rsi"", [60, 90]], [""rsislope"", 0]], ""slope"": 0}",4,10,True,21,10,11,47.61904761904761,0.4743466747002545,-1.6142061435165944,38.095238095238095,1.1361841508933066
"{""mode"": ""break10"", ""stop"": ""swing5"", ""filters"": [[""eff"", 0.6], [""rvol"", 1], [""rsi"", [60, 90]], [""bbexpand"", 0.8]], ""slope"": 0}",4,10,True,21,10,11,47.61904761904761,0.5675123664812043,-1.5228850601919697,38.095238095238095,1.1655244071422117
"{""mode"": ""break10"", ""stop"": ""swing5"", ""filters"": [[""eff"", 0.6], [""rvol"", 1], [""rsi"", [60, 90]], [""bbexpand"", 0.8], [""rsislope"", 0]], ""slope"": 0}",5,10,True,20,10,10,50.0,1.243199020492991,-0.7613378158158657,40.0,1.434113237612838
"{""mode"": ""break10"", ""stop"": ""swing5"", ""filters"": [[""eff"", 0.6], [""rvol"", 1], [""rsi"", [60, 90]], [""higherlows"", 3]], ""slope"": 0}",4,10,True,21,10,11,47.61904761904761,0.07555676698669522,-2.0050983915400833,38.095238095238095,1.0251750934770132
"{""mode"": ""break10"", ""stop"": ""swing5"", ""filters"": [[""eff"", 0.6], [""rvol"", 1], [""rsi"", [60, 90]], [""higherlows"", 3], [""rsislope"", 0]], ""slope"": 0}",5,10,True,20,10,10,50.0,0.7479381007700958,-1.2472802189784304,40.0,1.2273624587749872
"{""mode"": ""break10"", ""stop"": ""swing5"", ""filters"": [[""eff"", 0.6], [""rvol"", 1], [""rsi"", [60, 90]], [""higherlows"", 3], [""bbexpand"", 0.8]], ""slope"": 0}",5,10,True,20,10,10,50.0,0.8413574825257841,-1.1556185572876077,40.0,1.261671853235082
"{""mode"": ""break10"", ""stop"": ""swing5"", ""filters"": [[""eff"", 0.6], [""rvol"", 1], [""rsi"", [60, 90]], [""higherlows"", 3], [""bbexpand"", 0.8], [""rsislope"", 0]], ""slope"": 0}",6,10,True,19,10,9,52.63157894736842,1.5188840298174577,-0.3912311526020673,42.10526315789473,1.5825007427448428
"{""mode"": ""break10"", ""stop"": ""swing5"", ""filters"": [[""eff"", 0.6], [""rvol"", 1], [""rsi"", [60, 90]], [""rvolmean"", 1]], ""slope"": 0}",4,10,True,21,10,11,47.61904761904761,0.21747414725681313,-1.8659919101266076,38.095238095238095,1.062202224223688
"{""mode"": ""break10"", ""stop"": ""swing5"", ""filters"": [[""eff"", 0.6], [""rvol"", 1], [""rsi"", [60, 90]], [""rvolmean"", 1], [""rsislope"", 0]], ""slope"": 0}",5,10,True,20,10,10,50.0,0.8908089865765634,-1.1070979936455672,40.0,1.2808157308270463
"{""mode"": ""break10"", ""stop"": ""swing5"", ""filters"": [[""eff"", 0.6], [""rvol"", 1], [""rsi"", [60, 90]], [""rvolmean"", 1], [""bbexpand"", 0.8]], ""slope"": 0}",5,10,True,20,10,10,50.0,0.9843608465752718,-1.0153062156830872,40.0,1.3182241822602085
"{""mode"": ""break10"", ""stop"": ""swing5"", ""filters"": [[""eff"", 0.6], [""rvol"", 1], [""rsi"", [60, 90]], [""rvolmean"", 1], [""bbexpand"", 0.8], [""rsislope"", 0]], ""slope"": 0}",6,10,True,19,10,9,52.63157894736842,1.66284819584257,-0.24983374187093066,42.10526315789473,1.6724969185577638
"{""mode"": ""break10"", ""stop"": ""swing5"", ""filters"": [[""eff"", 0.6], [""rvol"", 1], [""rsi"", [60, 90]], [""rvolmean"", 1], [""higherlows"", 3]], ""slope"": 0}",5,10,True,20,10,10,50.0,0.49036610999664276,-1.5000050106405038,40.0,1.14147882729907
"{""mode"": ""break10"", ""stop"": ""swing5"", ""filters"": [[""eff"", 0.6], [""rvol"", 1], [""rsi"", [60, 90]], [""rvolmean"", 1], [""higherlows"", 3], [""rsislope"", 0]], ""slope"": 0}",6,10,True,19,10,9,52.63157894736842,1.1655344386100497,-0.7382808293314169,42.10526315789473,1.3978806330691564
"{""mode"": ""break10"", ""stop"": ""swing5"", ""filters"": [[""eff"", 0.6], [""rvol"", 1], [""rsi"", [60, 90]], [""rvolmean"", 1], [""higherlows"", 3], [""bbexpand"", 0.8]], ""slope"": 0}",6,10,True,19,10,9,52.63157894736842,1.259341040118711,-0.646146717565721,42.10526315789473,1.44255901967285
"{""mode"": ""break10"", ""stop"": ""swing5"", ""filters"": [[""eff"", 0.6], [""rvol"", 1], [""rsi"", [60, 90]], [""rvolmean"", 1], [""higherlows"", 3], [""bbexpand"", 0.8], [""rsislope"", 0]], ""slope"": 0}",7,10,True,18,10,8,55.55555555555556,1.9396759089529425,0.1221805555437161,44.44444444444444,1.8778473277868593
"{""mode"": ""break10"", ""stop"": ""swing5"", ""filters"": [[""eff"", 0.6], [""rvol"", 1], [""rsi"", [60, 90]], [""macdhist"", 0]], ""slope"": 0}",4,10,True,20,10,10,50.0,0.256031828503378,-1.7299282787951342,40.0,1.0728481931513816
"{""mode"": ""break10"", ""stop"": ""swing5"", ""filters"": [[""eff"", 0.6], [""rvol"", 1], [""rsi"", [60, 90]], [""macdhist"", 0], [""rsislope"", 0]], ""slope"": 0}",5,10,True,19,10,9,52.63157894736842,0.9296257267380259,-0.9699821494871474,42.10526315789473,1.2963267686082618
"{""mode"": ""break10"", ""stop"": ""swing5"", ""filters"": [[""eff"", 0.6], [""rvol"", 1], [""rsi"", [60, 90]], [""macdhist"", 0], [""bbexpand"", 0.8]], ""slope"": 0}",5,10,True,19,10,9,52.63157894736842,1.0232135798889264,-0.8780631014490003,42.10526315789473,1.3346603186500705
"{""mode"": ""break10"", ""stop"": ""swing5"", ""filters"": [[""eff"", 0.6], [""rvol"", 1], [""rsi"", [60, 90]], [""macdhist"", 0], [""bbexpand"", 0.8], [""rsislope"", 0]], ""slope"": 0}",6,10,True,18,10,8,55.55555555555556,1.7019619704483624,-0.11152929358457797,44.44444444444444,1.6990435581006151
"{""mode"": ""break10"", ""stop"": ""swing5"", ""filters"": [[""eff"", 0.6], [""rvol"", 1], [""rsi"", [60, 90]], [""macdhist"", 0], [""higherlows"", 3]], ""slope"": 0}",5,10,True,19,10,9,52.63157894736842,0.5290287837248275,-1.3634339353807645,42.10526315789473,1.153782406990329
"{""mode"": ""break10"", ""stop"": ""swing5"", ""filters"": [[""eff"", 0.6], [""rvol"", 1], [""rsi"", [60, 90]], [""macdhist"", 0], [""higherlows"", 3], [""rsislope"", 0]], ""slope"": 0}",6,10,True,18,10,8,55.55555555555556,1.2044568766699681,-0.6006536170586219,44.44444444444444,1.416377096451672
"{""mode"": ""break10"", ""stop"": ""swing5"", ""filters"": [[""eff"", 0.6], [""rvol"", 1], [""rsi"", [60, 90]], [""macdhist"", 0], [""higherlows"", 3], [""bbexpand"", 0.8]], ""slope"": 0}",6,10,True,18,10,8,55.55555555555556,1.2982995693401334,-0.508391760568494,44.44444444444444,1.4622650618355442
"{""mode"": ""break10"", ""stop"": ""swing5"", ""filters"": [[""eff"", 0.6], [""rvol"", 1], [""rsi"", [60, 90]], [""macdhist"", 0], [""higherlows"", 3], [""bbexpand"", 0.8], [""rsislope"", 0]], ""slope"": 0}",7,10,True,17,10,7,58.82352941176471,1.978896190281354,0.26100080479651844,47.05882352941176,1.9113783392551473
"{""mode"": ""break10"", ""stop"": ""swing5"", ""filters"": [[""eff"", 0.6], [""rvol"", 1], [""rsi"", [60, 90]], [""macdhist"", 0], [""rvolmean"", 1]], ""slope"": 0}",5,10,True,19,10,9,52.63157894736842,0.6715892337187057,-1.223416593470661,42.10526315789473,1.2008957619160119
"{""mode"": ""break10"", ""stop"": ""swing5"", ""filters"": [[""eff"", 0.6], [""rvol"", 1], [""rsi"", [60, 90]], [""macdhist"", 0], [""rvolmean"", 1], [""rsislope"", 0]], ""slope"": 0}",6,10,True,18,10,8,55.55555555555556,1.3479751528164607,-0.4595534873255813,44.44444444444444,1.4880424109887398
"{""mode"": ""break10"", ""stop"": ""swing5"", ""filters"": [[""eff"", 0.6], [""rvol"", 1], [""rsi"", [60, 90]], [""macdhist"", 0], [""rvolmean"", 1], [""bbexpand"", 0.8]], ""slope"": 0}",6,10,True,18,10,8,55.55555555555556,1.4419509240278128,-0.3671606625706647,44.44444444444444,1.538774662772199
"{""mode"": ""break10"", ""stop"": ""swing5"", ""filters"": [[""eff"", 0.6], [""rvol"", 1], [""rsi"", [60, 90]], [""macdhist"", 0], [""rvolmean"", 1], [""bbexpand"", 0.8], [""rsislope"", 0]], ""slope"": 0}",7,10,True,17,10,7,58.82352941176471,2.1235127006232757,0.40332407688543626,47.05882352941176,2.0442379295246034
"{""mode"": ""break10"", ""stop"": ""swing5"", ""filters"": [[""eff"", 0.6], [""rvol"", 1], [""rsi"", [60, 90]], [""macdhist"", 0], [""rvolmean"", 1], [""higherlows"", 3]], ""slope"": 0}",6,10,True,18,10,8,55.55555555555556,0.9457177508449544,-0.8550332347712408,44.44444444444444,1.3032237061933576
"{""mode"": ""break10"", ""stop"": ""swing5"", ""filters"": [[""eff"", 0.6], [""rvol"", 1], [""rsi"", [60, 90]], [""macdhist"", 0], [""rvolmean"", 1], [""higherlows"", 3], [""rsislope"", 0]], ""slope"": 0}",7,10,True,17,10,7,58.82352941176471,1.6239454673198983,-0.08832133140189713,47.05882352941176,1.6484238740526402
"{""mode"": ""break10"", ""stop"": ""swing5"", ""filters"": [[""eff"", 0.6], [""rvol"", 1], [""rsi"", [60, 90]], [""macdhist"", 0], [""rvolmean"", 1], [""higherlows"", 3], [""bbexpand"", 0.8]], ""slope"": 0}",7,10,True,17,10,7,58.82352941176471,1.7181771343505403,0.004416068736512457,47.05882352941176,1.7109109354075356
"{""mode"": ""break10"", ""stop"": ""swing5"", ""filters"": [[""eff"", 0.6], [""rvol"", 1], [""rsi"", [60, 90]], [""macdhist"", 0], [""rvolmean"", 1], [""higherlows"", 3], [""bbexpand"", 0.8], [""rsislope"", 0]], ""slope"": 0}",8,10,True,16,10,6,62.5,2.4015948021718136,0.7777743005361826,50.0,2.3596254289107876
