Threshold,Month,Status,RetainedReferenceGood,ReferenceGood,Trades,Good,Bad,Success,CompoundPct,Net10bpPct,NetSuccess,ProfitFactor
0.5,2025-10,Initial training period; no OOS prediction,0,3,0,0,0,0.0,0.0,0.0,0.0,0.0
0.5,2025-11,Initial training period; no OOS prediction,0,4,0,0,0,0.0,0.0,0.0,0.0,0.0
0.5,2025-12,Initial training period; no OOS prediction,0,9,0,0,0,0.0,0.0,0.0,0.0,0.0
0.5,2026-01,Walk-forward test,0,6,15,8,7,53.333333333333336,0.855553162987599,-0.6459745033763786,40.0,1.2040270167679852
0.5,2026-02,Walk-forward test,0,7,9,3,6,33.33333333333333,0.4763410227579534,-0.42392210818714693,33.33333333333333,1.1438509683848954
0.5,2026-03,Walk-forward test,0,9,16,7,9,43.75,3.6972177052668087,2.054086976166447,43.75,1.9240092160583495
0.5,2026-04,Walk-forward test,2,11,16,9,7,56.25,11.58084082049642,9.820746171024819,56.25,5.160401857026747
0.5,2026-05,Walk-forward test,3,10,24,10,14,41.66666666666667,-1.3017921591119919,-3.6448794321385147,37.5,0.8660587423847421
0.5,2026-06,Walk-forward test,2,9,26,8,18,30.76923076923077,-5.237070090854923,-7.675516401367832,26.923076923076923,0.6214264073617227
0.5,2026-07,Walk-forward test,0,4,8,2,6,25.0,-0.5307206028499101,-1.3242377521412885,25.0,0.7630085358313743
0.5,2026-08,Walk-forward test,1,7,8,4,4,50.0,0.432868789773444,-0.3673713129575984,37.5,1.294848756136001
0.5,2026-09,Walk-forward test,2,10,12,7,5,58.333333333333336,-0.23945920944921095,-1.4302664697684486,33.33333333333333,0.8577621989228045
0.6,2025-10,Initial training period; no OOS prediction,0,3,0,0,0,0.0,0.0,0.0,0.0,0.0
0.6,2025-11,Initial training period; no OOS prediction,0,4,0,0,0,0.0,0.0,0.0,0.0,0.0
0.6,2025-12,Initial training period; no OOS prediction,0,9,0,0,0,0.0,0.0,0.0,0.0,0.0
0.6,2026-01,Walk-forward test,0,6,7,3,4,42.857142857142854,2.350340915050775,1.638362941350846,42.857142857142854,3.6987977484432033
0.6,2026-02,Walk-forward test,1,7,7,2,5,28.57142857142857,-2.6424560582488876,-3.3245401658502094,28.57142857142857,0.3325276199071597
0.6,2026-03,Walk-forward test,1,9,8,3,5,37.5,1.2330232276209552,0.4271935678508587,37.5,1.6062496609385417
0.6,2026-04,Walk-forward test,2,11,6,4,2,66.66666666666666,4.935176762846405,4.312093731025102,33.33333333333333,10.493588993215454
0.6,2026-05,Walk-forward test,3,10,11,5,6,45.45454545454545,1.6937284460017965,0.5822825117053121,36.36363636363637,1.5012147025746871
0.6,2026-06,Walk-forward test,0,9,7,2,5,28.57142857142857,-1.4703239075913865,-2.159489101533374,28.57142857142857,0.7187903527304694
0.6,2026-07,Walk-forward test,0,4,0,0,0,0.0,0.0,0.0,0.0,0.0
0.6,2026-08,Walk-forward test,1,7,3,2,1,66.66666666666666,-0.33874871445422894,-0.6377800397670774,33.33333333333333,0.7025437161847695
0.6,2026-09,Walk-forward test,0,10,4,2,2,50.0,-0.9498820185776968,-1.3464367985552284,25.0,0.3270403355149437
0.7,2025-10,Initial training period; no OOS prediction,0,3,0,0,0,0.0,0.0,0.0,0.0,0.0
0.7,2025-11,Initial training period; no OOS prediction,0,4,0,0,0,0.0,0.0,0.0,0.0,0.0
0.7,2025-12,Initial training period; no OOS prediction,0,9,0,0,0,0.0,0.0,0.0,0.0,0.0
0.7,2026-01,Walk-forward test,0,6,1,1,0,100.0,2.5720687079910487,2.4720687079910597,100.0,inf
0.7,2026-02,Walk-forward test,1,7,3,1,2,33.33333333333333,-1.425840770601261,-1.7227054391702468,33.33333333333333,0.40682650943871207
0.7,2026-03,Walk-forward test,0,9,3,0,3,0.0,-2.185677610961112,-2.4809963218120346,0.0,0.0
0.7,2026-04,Walk-forward test,0,11,1,1,0,100.0,3.0929822628621872,2.992982262862176,100.0,inf
0.7,2026-05,Walk-forward test,1,10,3,2,1,66.66666666666666,-0.22799426647452936,-0.527249486627257,66.66666666666666,0.8306011253515795
0.7,2026-06,Walk-forward test,0,9,0,0,0,0.0,0.0,0.0,0.0,0.0
0.7,2026-07,Walk-forward test,0,4,0,0,0,0.0,0.0,0.0,0.0,0.0
0.7,2026-08,Walk-forward test,1,7,1,1,0,100.0,0.03763171098845053,-0.06236828901154956,0.0,inf
0.7,2026-09,Walk-forward test,0,10,0,0,0,0.0,0.0,0.0,0.0,0.0
0.8,2025-10,Initial training period; no OOS prediction,0,3,0,0,0,0.0,0.0,0.0,0.0,0.0
0.8,2025-11,Initial training period; no OOS prediction,0,4,0,0,0,0.0,0.0,0.0,0.0,0.0
0.8,2025-12,Initial training period; no OOS prediction,0,9,0,0,0,0.0,0.0,0.0,0.0,0.0
0.8,2026-01,Walk-forward test,0,6,0,0,0,0.0,0.0,0.0,0.0,0.0
0.8,2026-02,Walk-forward test,0,7,0,0,0,0.0,0.0,0.0,0.0,0.0
0.8,2026-03,Walk-forward test,0,9,1,0,1,0.0,-0.1883512025499967,-0.2883512025499968,0.0,0.0
0.8,2026-04,Walk-forward test,0,11,0,0,0,0.0,0.0,0.0,0.0,0.0
0.8,2026-05,Walk-forward test,0,10,0,0,0,0.0,0.0,0.0,0.0,0.0
0.8,2026-06,Walk-forward test,0,9,0,0,0,0.0,0.0,0.0,0.0,0.0
0.8,2026-07,Walk-forward test,0,4,0,0,0,0.0,0.0,0.0,0.0,0.0
0.8,2026-08,Walk-forward test,0,7,0,0,0,0.0,0.0,0.0,0.0,0.0
0.8,2026-09,Walk-forward test,0,10,0,0,0,0.0,0.0,0.0,0.0,0.0
