Month,Samples,LatestTargetExit,FirstTestTime
2026-01,838,2025-12-31 19:00:00+00:00,2026-01-01 05:00:00+00:00
2026-02,1110,2026-01-30 15:00:00+00:00,2026-02-01 05:00:00+00:00
2026-03,1377,2026-02-27 21:00:00+00:00,2026-03-01 05:00:00+00:00
2026-04,1689,2026-03-31 20:00:00+00:00,2026-04-01 04:00:00+00:00
2026-05,2046,2026-04-30 19:30:00+00:00,2026-05-01 04:00:00+00:00
2026-06,2418,2026-05-29 20:00:00+00:00,2026-06-01 04:00:00+00:00
2026-07,2777,2026-06-30 19:25:00+00:00,2026-07-01 04:00:00+00:00
2026-08,3073,2026-07-30 19:45:00+00:00,2026-08-01 04:00:00+00:00
2026-09,3376,2026-08-31 20:00:00+00:00,2026-09-01 04:00:00+00:00
